frame_idx,timestamp_sec,target_id,target_visible,visible_ids,num_people,castor_visible,castor_bbox,target_bbox,face_confidence,pose_confidence,gaze_to_castor_prob,gaze_label,gaze_source,body_to_castor_distance_cm,hand_to_castor_distance_px,proxemic_zone,touch_prob,touch_state,interaction_state,confidence_level
0,0.0,1,True,"[1, 2, 3]",3,True,"(0.0, 139.603271484375, 427.3776550292969, 720.0)","(1004.306396484375, 0.0, 1279.51904296875, 473.2925720214844)",0.0,0.0,0.0,indeterminado,none,243.51532958007783,,zona_3,0.0,sem_contato,proximidade,baixa
1,0.03333333333333333,1,True,"[1, 2, 3]",3,True,"(0.0, 139.1454315185547, 419.3956298828125, 720.0)","(1005.4328002929688, 0.0, 1279.6943359375, 471.66351318359375)",0.0,0.6276315657628907,0.0,indeterminado,none,245.6042285002312,637.6383371195616,zona_3,0.0,sem_contato,proximidade,media
2,0.06666666666666667,1,True,"[1, 2, 3]",3,True,"(0.0, 139.4629669189453, 423.9466552734375, 720.0)","(1006.83984375, 0.0, 1279.46826171875, 468.8470764160156)",0.0,0.6331461990873019,0.0,indeterminado,none,246.84960875623548,632.3290667082002,zona_3,0.0,sem_contato,proximidade,media
3,0.1,1,True,"[1, 2, 3]",3,True,"(0.0, 138.71180725097656, 420.946533203125, 720.0)","(1005.6746826171875, 0.0, 1278.9136962890625, 469.7732238769531)",0.0,0.6513204673926035,0.0,indeterminado,none,246.459383875345,634.0482031222843,zona_3,0.0,sem_contato,proximidade,media
4,0.13333333333333333,1,True,"[1, 2, 3]",3,True,"(0.0, 139.438232421875, 419.9862365722656, 720.0)","(1003.9639282226562, 0.0, 1278.0655517578125, 470.9466857910156)",0.0,0.6765290482176675,0.0,indeterminado,none,245.57114813540042,638.1742871138123,zona_3,0.0,sem_contato,proximidade,media
5,0.16666666666666666,1,True,"[1, 2, 3]",3,True,"(0.0, 139.66259765625, 428.2430725097656, 720.0)","(1008.3978881835938, 0.0, 1278.9967041015625, 465.0048828125)",0.0,0.6673402720027499,0.0,indeterminado,none,248.74984359657748,624.2627655527717,zona_3,0.0,sem_contato,proximidade,media
6,0.2,1,True,"[1, 2, 3]",3,True,"(0.0, 139.6731719970703, 427.9375, 720.0)","(1010.1715698242188, 0.0, 1279.3416748046875, 462.6366882324219)",0.0,0.6751701633135477,0.0,indeterminado,none,250.48938836333036,624.4456673903217,zona_3,0.0,sem_contato,proximidade,media
7,0.23333333333333334,1,True,"[1, 2, 3]",3,True,"(0.1503499299287796, 139.55738830566406, 427.0722961425781, 720.0)","(1007.2607421875, 0.0, 1278.77783203125, 466.507568359375)",0.0,0.6761448764138751,0.0,indeterminado,none,247.80497005327433,615.4603369872272,zona_3,0.0,sem_contato,proximidade,media
8,0.26666666666666666,1,True,"[1, 2, 3]",3,True,"(0.0, 139.6370391845703, 425.9538879394531, 720.0)","(995.6390991210938, 0.0, 1270.6927490234375, 469.4842529296875)",0.0,0.0,0.0,indeterminado,none,243.76030015474248,,zona_3,0.0,sem_contato,proximidade,baixa
9,0.3,1,True,"[1, 2, 3]",3,True,"(0.0, 139.6468048095703, 416.5132751464844, 720.0)","(981.4635009765625, 0.0, 1257.6634521484375, 464.0138854980469)",0.0,0.0,0.0,indeterminado,none,244.7972113638371,,zona_3,0.0,sem_contato,proximidade,baixa
10,0.3333333333333333,1,True,"[1, 2, 3]",3,True,"(0.0, 139.7440643310547, 425.284912109375, 720.0)","(966.2647705078125, 0.0, 1250.8516845703125, 469.669189453125)",0.0,0.0,0.0,indeterminado,none,237.67319356385423,,zona_3,0.0,sem_contato,proximidade,baixa
11,0.36666666666666664,1,True,"[1, 2, 3]",3,True,"(0.377685546875, 138.99822998046875, 423.7061462402344, 720.0)","(953.8502197265625, 0.0, 1245.9019775390625, 472.6558532714844)",0.0,0.0,0.0,indeterminado,none,233.9912736723721,,zona_3,0.0,sem_contato,proximidade,baixa
12,0.4,1,True,"[1, 2, 3]",3,True,"(0.0, 138.17311096191406, 422.9602966308594, 720.0)","(944.9323120117188, 0.798434317111969, 1247.3642578125, 482.5370178222656)",0.0,0.0,0.0,indeterminado,none,228.16951674550054,,zona_3,0.0,sem_contato,proximidade,baixa
13,0.43333333333333335,1,True,"[1, 2, 3]",3,True,"(0.0, 138.750732421875, 426.9623718261719, 720.0)","(939.4072265625, 0.9623092412948608, 1251.8828125, 493.20733642578125)",0.0,0.0,0.0,indeterminado,none,222.04798097711736,,zona_3,0.0,sem_contato,proximidade,baixa
14,0.4666666666666667,1,True,"[1, 2, 3]",3,True,"(0.0, 138.777099609375, 417.0048828125, 720.0)","(933.6661987304688, 0.9534804821014404, 1259.332275390625, 511.47174072265625)",0.0,0.0,0.0,indeterminado,none,214.40625947939472,,zona_3,0.0,sem_contato,proximidade,baixa
15,0.5,1,True,"[1, 2, 3]",3,True,"(0.0, 138.6754608154297, 413.8734436035156, 720.0)","(930.9108276367188, 2.061528444290161, 1269.841796875, 534.962158203125)",0.0,0.0,0.0,indeterminado,none,205.45663477244628,,zona_3,0.0,sem_contato,proximidade,baixa
16,0.5333333333333333,1,True,"[1, 2, 3]",3,True,"(0.0, 138.72900390625, 414.1307067871094, 720.0)","(930.2893676757812, 2.4790244102478027, 1273.657470703125, 543.856201171875)",0.0,0.0,0.0,indeterminado,none,202.16850233140948,,zona_3,0.0,sem_contato,proximidade,baixa
17,0.5666666666666667,1,True,"[1, 2, 3]",3,True,"(0.0, 139.0135955810547, 406.8079833984375, 720.0)","(935.4291381835938, 1.4317442178726196, 1280.0, 550.9658203125)",0.0,0.7065393096870847,0.0,indeterminado,none,200.89154658741532,602.6084036827087,zona_3,0.0,sem_contato,proximidade,media
18,0.6,1,True,"[1, 2, 3]",3,True,"(5.197184085845947, 139.37109375, 383.2940368652344, 720.0)","(936.4808349609375, 1.0448617935180664, 1280.0, 565.51318359375)",0.0,0.7325648930337694,0.0,indeterminado,none,197.06165257888682,623.2408689260483,zona_3,0.0,sem_contato,proximidade,media
19,0.6333333333333333,1,True,"[1, 2, 3]",3,True,"(0.0, 139.3155059814453, 424.3841247558594, 720.0)","(934.2935791015625, 0.5451343059539795, 1280.0, 588.5391845703125)",0.0,0.7549094557762146,0.0,indeterminado,none,184.60562425601654,574.157248467207,zona_3,0.0,sem_contato,proximidade,media
20,0.6666666666666666,1,True,"[1, 2, 3]",3,True,"(0.0830485001206398, 139.2552947998047, 424.5392761230469, 720.0)","(933.5669555664062, 0.20971465110778809, 1280.0, 601.1061401367188)",0.0,0.7726717160807716,0.0,indeterminado,none,180.19866443653123,565.6539983004332,zona_3,0.0,sem_contato,proximidade,media
21,0.7,1,True,"[1, 2, 3]",3,True,"(0.0, 139.3263397216797, 413.3868103027344, 720.0)","(931.1808471679688, 0.06261798739433289, 1280.0, 605.472900390625)",0.0,0.7907522122065226,0.0,indeterminado,none,179.6131058941298,568.1381992697716,zona_3,0.0,sem_contato,proximidade,media
22,0.7333333333333333,1,True,"[1, 2, 3, 6]",4,True,"(0.0, 139.04624938964844, 414.6175231933594, 720.0)","(927.1234130859375, 0.0970909520983696, 1280.0, 608.4453735351562)",0.0,0.8067189587487115,0.0,indeterminado,none,178.15493543531613,558.2172439694405,zona_3,0.0,sem_contato,proximidade,media
23,0.7666666666666667,1,True,"[1, 2, 3, 6]",4,True,"(0.0, 138.9781036376953, 414.7831115722656, 720.0)","(926.7064819335938, 0.11708024144172668, 1279.107177734375, 609.2322998046875)",0.0,0.821954091389974,0.0,indeterminado,none,177.76731043052715,555.9376958161592,zona_3,0.0,sem_contato,proximidade,media
24,0.8,1,True,"[1, 2, 3, 6]",4,True,"(0.0, 138.691650390625, 411.267578125, 720.0)","(922.588623046875, 0.4589487612247467, 1275.0316162109375, 614.479736328125)",0.0,0.8360672858026292,0.0,indeterminado,none,175.77017386250574,553.2187687680125,zona_3,0.0,sem_contato,proximidade,media
25,0.8333333333333334,1,True,"[1, 2, 3, 6]",4,True,"(0.0, 139.4584197998047, 410.4618835449219, 720.0)","(917.5882568359375, 1.5420955419540405, 1270.41845703125, 619.4703979492188)",0.0,0.8470392425855001,0.0,indeterminado,none,173.69778824510732,545.8855769261718,zona_3,0.0,sem_contato,proximidade,media
26,0.8666666666666667,1,True,"[1, 2, 3, 6]",4,True,"(5.21728515625, 138.943359375, 388.6682434082031, 720.0)","(916.2423095703125, 1.9574322700500488, 1268.093505859375, 621.135009765625)",0.0,0.8574043843481276,0.0,indeterminado,none,174.55432892493468,567.2880022525787,zona_3,0.0,sem_contato,proximidade,media
27,0.9,1,True,"[1, 2, 3, 6]",4,True,"(0.0815836563706398, 139.810546875, 416.5216979980469, 720.0)","(913.0685424804688, 3.1910641193389893, 1267.306640625, 628.2015380859375)",0.0,0.8662811252805922,0.0,indeterminado,none,170.23411662570112,532.4077237397432,zona_3,0.0,sem_contato,proximidade,media
28,0.9333333333333333,1,True,"[1, 2, 3, 6]",4,True,"(0.0, 139.50848388671875, 421.053466796875, 720.0)","(912.4988403320312, 2.943058490753174, 1265.9625244140625, 627.9939575195312)",0.0,0.0,0.0,indeterminado,none,169.61965243440838,,zona_3,0.0,sem_contato,proximidade,baixa
29,0.9666666666666667,1,True,"[1, 2, 3, 6]",4,True,"(0.0, 140.0288848876953, 416.4906005859375, 720.0)","(912.0962524414062, 3.081554651260376, 1266.4879150390625, 630.0912475585938)",0.0,0.87295886543062,0.0,indeterminado,none,169.4944879654677,523.3763017058372,zona_3,0.0,sem_contato,proximidade,media
30,1.0,1,True,"[1, 2, 3, 6]",4,True,"(0.1701253205537796, 138.1764373779297, 395.6317138671875, 720.0)","(912.578369140625, 3.2775938510894775, 1267.8240966796875, 631.5615234375)",0.0,0.8802556263075935,0.0,indeterminado,none,171.26122587655428,544.1161186695099,zona_3,0.0,sem_contato,proximidade,media
31,1.0333333333333334,1,True,"[1, 2, 3, 6]",4,True,"(5.059488773345947, 137.71897888183594, 377.0348205566406, 720.0)","(912.8123779296875, 3.490994930267334, 1268.679931640625, 632.2506103515625)",0.0,0.8886614574326409,0.0,indeterminado,none,172.52406810961378,561.8615540862083,zona_3,0.0,sem_contato,proximidade,media
32,1.0666666666666667,1,True,"[1, 2, 3, 6]",4,True,"(5.0494384765625, 137.6998748779297, 376.6411437988281, 720.0)","(912.908203125, 3.5455925464630127, 1269.109375, 632.3338623046875)",0.0,0.8963322308328416,0.0,indeterminado,none,172.60289314780965,562.1756622418761,zona_3,0.0,sem_contato,proximidade,media
33,1.1,1,True,"[1, 2, 3, 6]",4,True,"(5.084310054779053, 138.4540252685547, 385.9925231933594, 720.0)","(912.2772216796875, 3.248955488204956, 1269.250244140625, 632.9473876953125)",0.0,0.9037891427675883,0.0,indeterminado,none,171.4054576610766,552.3583795875311,zona_3,0.0,sem_contato,proximidade,media
34,1.1333333333333333,1,True,"[1, 2, 3, 6]",4,True,"(0.4661458432674408, 137.933349609375, 396.391845703125, 720.0)","(910.6455688476562, 2.564765691757202, 1268.559326171875, 633.3872680664062)",0.0,0.9104138082928128,0.0,indeterminado,none,170.3247708558887,539.5871646553278,zona_3,0.0,sem_contato,proximidade,media
35,1.1666666666666667,1,True,"[1, 2, 3, 6]",4,True,"(0.8147379755973816, 138.70521545410156, 413.5006103515625, 720.0)","(908.048583984375, 2.9416251182556152, 1266.7330322265625, 632.548095703125)",0.0,0.9149266878763834,0.0,indeterminado,none,168.5942031598823,520.3807845413685,zona_3,0.0,sem_contato,proximidade,media
36,1.2,1,True,"[1, 2, 3, 6]",4,True,"(0.0, 140.037841796875, 425.2842102050781, 720.0)","(904.5126953125, 1.9810881614685059, 1265.1180419921875, 631.325927734375)",0.0,0.9202002816730075,0.0,indeterminado,none,167.15848801366738,504.6560638323426,zona_3,0.0,sem_contato,proximidade,media
37,1.2333333333333334,1,True,"[1, 2, 3, 6]",4,True,"(0.0, 139.7508087158203, 424.9510192871094, 720.0)","(901.404052734375, 1.415443778038025, 1264.10009765625, 630.8547973632812)",0.0,0.9257290893130832,0.0,indeterminado,none,166.7827777435452,502.29194767028093,zona_3,0.0,sem_contato,proximidade,media
38,1.2666666666666666,1,True,"[1, 2, 3, 6]",4,True,"(0.2828775942325592, 138.90330505371094, 401.917236328125, 720.0)","(898.6138916015625, 3.1513569355010986, 1268.4827880859375, 643.1801147460938)",0.0,0.930632213751475,0.0,indeterminado,none,166.0773520268229,522.2973490506411,zona_3,0.0,sem_contato,proximidade,media
39,1.3,1,True,"[1, 2, 3, 6]",4,True,"(5.352945804595947, 138.00927734375, 376.5654296875, 720.0)","(893.947265625, 3.7361152172088623, 1276.621826171875, 667.7023315429688)",0.0,0.9357421861754524,0.0,indeterminado,none,161.90941210224634,543.0312173813581,zona_3,0.0,sem_contato,proximidade,media
40,1.3333333333333333,1,True,"[1, 2, 3, 6]",4,True,"(5.329915523529053, 138.3990936279297, 378.5516357421875, 720.0)","(890.152099609375, 2.9481124877929688, 1280.0, 685.4739379882812)",0.0,0.9395324389139811,0.0,indeterminado,none,157.1461177617686,538.1074802577496,zona_3,0.0,sem_contato,proximidade,media
41,1.3666666666666667,1,True,"[1, 2, 3, 6]",4,True,"(0.0, 139.32749938964844, 411.9827880859375, 720.0)","(886.9723510742188, 2.55692982673645, 1280.0, 698.025146484375)",0.0,0.9435905681716071,0.0,indeterminado,none,151.45535724500652,501.2982108145952,zona_3,0.0,sem_contato,proximidade,media
42,1.4,1,True,"[1, 2, 3, 6]",4,True,"(0.0, 139.32093811035156, 411.8990173339844, 720.0)","(886.320556640625, 2.3963804244995117, 1280.0, 702.6503295898438)",0.0,0.9466123647160001,0.0,indeterminado,none,150.35385264169685,501.7904310375452,zona_3,0.0,sem_contato,proximidade,media
43,1.4333333333333333,1,True,"[1, 2, 3, 6]",4,True,"(0.0, 138.4853515625, 403.6058044433594, 720.0)","(883.4521484375, 2.3836047649383545, 1280.0, 713.1958618164062)",0.0,0.9498135712411668,0.0,indeterminado,none,148.55390630396212,507.1268601194024,zona_3,0.0,sem_contato,proximidade,media
44,1.4666666666666666,1,True,"[1, 2, 3, 6]",4,True,"(0.67724609375, 137.8203125, 379.4004821777344, 720.0)","(880.4480590820312, 2.458966016769409, 1280.0, 720.0)",0.0,0.952671660317315,0.0,indeterminado,none,148.87262858771828,527.6902550458908,zona_3,0.0,sem_contato,proximidade,media
45,1.5,1,True,"[1, 2, 3, 6]",4,True,"(4.997518062591553, 138.24705505371094, 378.259521484375, 720.0)","(878.7206420898438, 2.1271135807037354, 1280.0, 720.0)",0.0,0.9549692802959018,0.0,indeterminado,none,148.39370335314726,525.4887238442898,zona_3,0.0,sem_contato,proximidade,media
46,1.5333333333333334,1,True,"[1, 2, 3, 6]",4,True,"(0.0, 139.1880645751953, 415.3667907714844, 720.0)","(875.8362426757812, 0.8194331526756287, 1280.0, 720.0)",0.0,0.9566813442442152,0.0,indeterminado,none,145.2043783274625,484.16927107423544,zona_3,0.0,sem_contato,proximidade,media
47,1.5666666666666667,1,True,"[1, 2, 3, 6]",4,True,"(0.74267578125, 138.5597381591797, 412.5821228027344, 720.0)","(873.162841796875, 1.832701325416565, 1278.628173828125, 720.0)",0.0,0.9573338826497396,0.0,indeterminado,none,145.24188613846238,483.43730122223496,zona_3,0.0,sem_contato,proximidade,media
48,1.6,1,True,"[1, 2, 3, 6]",4,True,"(5.150797367095947, 139.6171875, 374.359375, 720.0)","(871.1423950195312, 1.443596363067627, 1277.25439453125, 720.0)",0.0,0.9595228830973307,0.0,indeterminado,none,147.70336259454925,518.9228732436895,zona_3,0.0,sem_contato,proximidade,media
49,1.6333333333333333,1,True,"[1, 2, 3]",3,True,"(5.24365234375, 139.0648651123047, 365.1920471191406, 720.0)","(870.4458618164062, 0.4705132842063904, 1276.56396484375, 720.0)",0.0,0.9622274306085374,0.0,indeterminado,none,148.14465508338452,525.5388507395983,zona_3,0.0,sem_contato,proximidade,media
50,1.6666666666666667,1,True,"[1, 2, 3]",3,True,"(5.2791748046875, 138.34178161621094, 358.3646240234375, 720.0)","(870.4078369140625, 0.10352636873722076, 1276.7513427734375, 720.0)",0.0,0.9648266103532579,0.0,indeterminado,none,148.6476552826878,530.9665604531765,zona_3,0.0,sem_contato,proximidade,media
51,1.7,1,True,"[1, 2, 3, 6]",4,True,"(5.283447265625, 138.16566467285156, 348.4039611816406, 720.0)","(870.1364135742188, 0.9004347324371338, 1276.949462890625, 720.0)",0.0,0.9672366049554613,0.0,indeterminado,none,149.6370089460663,540.8534541875124,zona_3,0.0,sem_contato,proximidade,media
52,1.7333333333333334,1,True,"[1, 2, 3, 6]",4,True,"(5.279052734375, 138.1608123779297, 348.619140625, 720.0)","(869.9622192382812, 1.1850998401641846, 1277.1717529296875, 720.0)",0.0,0.9690068364143372,0.0,indeterminado,none,149.68268841476572,539.7287736535072,zona_3,0.0,sem_contato,proximidade,media
53,1.7666666666666666,1,True,"[1, 2, 3, 6]",4,True,"(5.424346923828125, 138.7696075439453, 341.4818115234375, 720.0)","(870.0588989257812, 1.5902302265167236, 1277.402587890625, 720.0)",0.0,0.9704781240887113,0.0,indeterminado,none,150.37841110681399,547.938286293298,zona_3,0.0,sem_contato,proximidade,media
54,1.8,1,True,"[1, 2, 3, 6]",4,True,"(5.440348148345947, 138.3887481689453, 342.7212219238281, 720.0)","(871.773193359375, 1.7014241218566895, 1278.7069091796875, 720.0)",0.0,0.9721234440803528,0.0,indeterminado,none,150.548971666566,547.9397004321218,zona_3,0.0,sem_contato,proximidade,media
55,1.8333333333333333,1,True,"[1, 2, 3]",3,True,"(4.959716796875, 138.4132537841797, 345.01171875, 720.0)","(872.0270385742188, 1.1800384521484375, 1279.0657958984375, 719.53662109375)",0.0,0.972120377752516,0.0,indeterminado,none,150.43684550631752,546.6760553866625,zona_3,0.0,sem_contato,proximidade,media
56,1.8666666666666667,1,True,"[1, 2, 3]",3,True,"(5.151163578033447, 137.8821563720703, 345.8489685058594, 720.0)","(872.8378295898438, 0.38693147897720337, 1279.997314453125, 719.3618774414062)",0.0,0.9659636682934232,0.0,indeterminado,none,150.36703078974517,545.9567351341248,zona_3,0.0,sem_contato,proximidade,media
57,1.9,1,True,"[1, 2, 3]",3,True,"(5.262990474700928, 137.93116760253906, 343.7319030761719, 720.0)","(873.7861938476562, 0.08919642120599747, 1280.0, 719.290283203125)",0.0,0.9622870220078362,0.0,indeterminado,none,150.5663902609659,549.1040319390595,zona_3,0.0,sem_contato,proximidade,media
58,1.9333333333333333,1,True,"[1, 2, 3]",3,True,"(4.9910888671875, 137.75108337402344, 346.7130432128906, 720.0)","(873.44091796875, 0.0, 1280.0, 720.0)",0.0,0.9575092726283603,0.0,indeterminado,none,150.1447321573893,546.4557356201112,zona_3,0.0,sem_contato,proximidade,media
59,1.9666666666666666,1,True,"[1, 2, 3]",3,True,"(4.981607913970947, 137.73521423339844, 346.7295227050781, 720.0)","(873.3820190429688, 0.0, 1280.0, 720.0)",0.0,0.9535542925198873,0.0,indeterminado,none,150.1392407019933,546.4764953479171,zona_3,0.0,sem_contato,proximidade,media
60,2.0,1,True,"[1, 2, 3]",3,True,"(4.859334468841553, 138.5011444091797, 348.1124572753906, 720.0)","(872.9598999023438, 0.0, 1279.9486083984375, 720.0)",0.0,0.9474427368905809,0.0,indeterminado,none,149.9947263797124,544.8918592147529,zona_3,0.0,sem_contato,proximidade,media
61,2.033333333333333,1,True,"[1, 2, 3]",3,True,"(5.287282466888428, 138.8900604248047, 342.7906188964844, 720.0)","(872.7221069335938, 0.0, 1279.378662109375, 720.0)",0.0,0.9413138296869066,0.0,indeterminado,none,150.33523897329965,551.2346489951015,zona_3,0.0,sem_contato,proximidade,media
62,2.066666666666667,1,True,"[1, 2, 3]",3,True,"(5.286295413970947, 138.8916015625, 342.8633117675781, 720.0)","(872.7085571289062, 0.0, 1279.1231689453125, 719.924560546875)",0.0,0.9343090256055196,0.0,indeterminado,none,150.3225941201192,552.2266269549727,zona_3,0.0,sem_contato,proximidade,media
63,2.1,1,True,"[1, 2, 3]",3,True,"(5.233418941497803, 139.64306640625, 337.2035827636719, 720.0)","(872.1726684570312, 0.0, 1278.3795166015625, 719.77197265625)",0.0,0.929221146636539,0.0,indeterminado,none,150.7240050647124,558.8825919479132,zona_3,0.0,sem_contato,proximidade,media
64,2.1333333333333333,1,True,"[1, 2, 3]",3,True,"(5.199361324310303, 139.664306640625, 335.7342834472656, 720.0)","(872.9286499023438, 0.29736337065696716, 1278.302734375, 718.200439453125)",0.0,0.9248543116781447,0.0,indeterminado,none,151.29908570568824,561.004920437932,zona_3,0.0,sem_contato,proximidade,media
65,2.1666666666666665,1,True,"[1, 2, 3]",3,True,"(5.081217288970947, 139.89373779296875, 337.718505859375, 720.0)","(872.3280639648438, 0.7456423044204712, 1278.079833984375, 718.8092651367188)",0.0,0.9190277920828925,0.0,indeterminado,none,151.04035515080838,560.5850556343794,zona_3,0.0,sem_contato,proximidade,media
66,2.2,1,True,"[1, 2, 3]",3,True,"(5.348958492279053, 138.67498779296875, 336.4511413574219, 720.0)","(871.5706176757812, 0.6748968958854675, 1277.1683349609375, 718.1674194335938)",0.0,0.9140063590473599,0.0,indeterminado,none,151.10478617096976,561.3755373954773,zona_3,0.0,sem_contato,proximidade,media
67,2.2333333333333334,1,True,"[1, 2, 3]",3,True,"(5.4835205078125, 138.36181640625, 337.5796203613281, 720.0)","(870.1951904296875, 0.8882368206977844, 1276.5738525390625, 719.5072021484375)",0.0,0.9080991844336191,0.0,indeterminado,none,150.5977096406522,559.6386786699295,zona_3,0.0,sem_contato,proximidade,media
68,2.2666666666666666,1,True,"[1, 2, 3]",3,True,"(5.458109378814697, 138.3052520751953, 338.01446533203125, 720.0)","(869.66552734375, 0.9569388031959534, 1276.38720703125, 719.9417724609375)",0.0,0.9020009206400977,0.0,indeterminado,none,150.427108810254,558.5199904441833,zona_3,0.0,sem_contato,proximidade,media
69,2.3,1,True,"[1, 2, 3]",3,True,"(5.52716064453125, 138.23280334472656, 326.8668518066406, 720.0)","(868.70068359375, 1.260030746459961, 1274.8951416015625, 719.1084594726562)",0.0,0.8956585725148519,0.0,indeterminado,none,151.38594315707937,569.3216499835253,zona_3,0.0,sem_contato,proximidade,media
70,2.3333333333333335,1,True,"[1, 2, 3]",3,True,"(5.322428226470947, 137.9609375, 340.4380798339844, 720.0)","(867.8045654296875, 1.0616984367370605, 1274.5340576171875, 719.2108154296875)",0.0,0.8888395693567064,0.0,indeterminado,none,150.1007603413063,556.7675383239985,zona_3,0.0,sem_contato,proximidade,media
71,2.3666666666666667,1,True,"[1, 2, 3]",3,True,"(5.677632808685303, 138.531494140625, 332.69500732421875, 720.0)","(868.1162109375, 1.9922009706497192, 1274.9796142578125, 719.0821533203125)",0.8,0.8781349526511298,0.0,nao_castor,heuristic,151.00399435910597,566.2109061479568,zona_3,0.0,sem_contato,proximidade,alta
72,2.4,1,True,"[1, 2, 3]",3,True,"(5.24871826171875, 137.8549041748047, 337.7225646972656, 720.0)","(868.3383178710938, 2.542457342147827, 1274.97314453125, 718.1712036132812)",0.8,0.8636619713571336,0.0,nao_castor,heuristic,150.9450734805028,562.7054903805256,zona_3,0.0,sem_contato,proximidade,alta
73,2.433333333333333,1,True,"[1, 2, 3]",3,True,"(5.339334964752197, 138.5348358154297, 338.67279052734375, 720.0)","(868.6856689453125, 2.4247055053710938, 1275.7161865234375, 717.9664916992188)",0.8,0.847568584813012,0.0,nao_castor,heuristic,150.96764647421224,564.3674460202456,zona_3,0.0,sem_contato,proximidade,alta
74,2.466666666666667,1,True,"[1, 2, 3, 8]",4,True,"(5.044352054595947, 137.9693145751953, 348.733154296875, 720.0)","(870.8732299804688, 1.39267897605896, 1277.0809326171875, 715.184326171875)",0.8,0.8342242042223612,0.0,nao_castor,heuristic,150.81733003200318,559.0384526625276,zona_3,0.0,sem_contato,proximidade,alta
75,2.5,1,True,"[1, 2, 3, 8]",4,True,"(5.337351322174072, 137.9384002685547, 342.8456726074219, 720.0)","(872.6478271484375, 2.8858516216278076, 1279.2862548828125, 717.9112548828125)",0.8,0.827020686533716,0.0,nao_castor,heuristic,151.35875347129777,568.8673560023308,zona_3,0.0,sem_contato,proximidade,alta
76,2.533333333333333,1,True,"[1, 2, 3, 8]",4,True,"(5.352071285247803, 138.26148986816406, 340.5575256347656, 720.0)","(876.2501220703125, 1.7195377349853516, 1280.0, 716.6494140625)",0.8,0.8229464242855707,0.0,nao_castor,heuristic,151.93262899836043,576.3502738177776,zona_3,0.0,sem_contato,proximidade,alta
77,2.566666666666667,1,True,"[1, 2, 3, 8]",4,True,"(5.017832279205322, 138.153076171875, 344.1410217285156, 720.0)","(881.011474609375, 2.18296480178833, 1280.0, 716.861328125)",0.8,0.8164509584506353,0.0,nao_castor,heuristic,152.11291577809263,580.5051237270236,zona_3,0.0,sem_contato,proximidade,alta
78,2.6,1,True,"[1, 2, 3, 8]",4,True,"(4.9969482421875, 138.1785430908203, 344.1184997558594, 720.0)","(883.1968994140625, 2.3782730102539062, 1280.0, 716.9290161132812)",0.8,0.8135373277796639,0.0,nao_castor,heuristic,152.32719576999855,582.456723600626,zona_3,0.0,sem_contato,proximidade,alta
79,2.6333333333333333,1,True,"[1, 2, 3, 8]",4,True,"(5.056437015533447, 137.55824279785156, 345.3387145996094, 720.0)","(885.9125366210938, 1.767732858657837, 1280.0, 715.3823852539062)",0.8,0.8102910270293554,0.0,nao_castor,heuristic,152.64884495723766,583.340569742024,zona_3,0.0,sem_contato,proximidade,alta
80,2.6666666666666665,1,True,"[1, 2, 3, 8]",4,True,"(5.43450927734375, 137.9744415283203, 334.9782409667969, 720.0)","(889.8219604492188, 1.8208789825439453, 1280.0, 714.4813842773438)",0.8,0.8052211354176203,0.0,nao_castor,heuristic,154.02361921356362,597.6477151215076,zona_3,0.0,sem_contato,proximidade,alta
81,2.7,1,True,"[1, 2, 3, 8]",4,True,"(5.615437984466553, 138.5210723876953, 337.9773254394531, 720.0)","(890.4967651367188, 1.4943434000015259, 1280.0, 715.7987060546875)",0.8,0.8005922536055247,0.0,nao_castor,heuristic,153.45755286286496,595.5353699922562,zona_3,0.0,sem_contato,proximidade,alta
82,2.7333333333333334,1,True,"[1, 2, 3, 8]",4,True,"(5.3642578125, 138.77703857421875, 321.9360656738281, 720.0)","(890.7738647460938, 2.0446906089782715, 1280.0, 715.981201171875)",0.8,0.7932534996006224,0.0,nao_castor,heuristic,154.9289918064123,610.2136958688498,zona_3,0.0,sem_contato,proximidade,alta
83,2.7666666666666666,1,True,"[1, 2, 3, 8]",4,True,"(5.391438961029053, 138.258056640625, 324.6551513671875, 720.0)","(890.8245849609375, 2.5606632232666016, 1280.0, 714.89892578125)",0.8,0.792910635471344,0.0,nao_castor,heuristic,155.0504609567047,605.7382728904486,zona_3,0.0,sem_contato,proximidade,alta
84,2.8,1,True,"[1, 2, 3, 8]",4,True,"(5.519734859466553, 138.4995880126953, 321.56976318359375, 720.0)","(889.9932861328125, 2.453911781311035, 1280.0, 716.1594848632812)",0.8,0.7902712937858369,0.0,nao_castor,heuristic,154.9310974491205,607.801288574934,zona_3,0.0,sem_contato,proximidade,alta
85,2.8333333333333335,1,True,"[1, 2, 3, 8]",4,True,"(5.054891109466553, 138.6778106689453, 333.6441955566406, 720.0)","(890.0054321289062, 2.802635431289673, 1280.0, 716.7378540039062)",0.8,0.7853147354390886,0.0,nao_castor,heuristic,153.9062301157646,596.609928175807,zona_3,0.0,sem_contato,proximidade,alta
86,2.8666666666666667,1,True,"[1, 2, 3, 8]",4,True,"(5.241800785064697, 139.04664611816406, 331.3510437011719, 720.0)","(890.4033813476562, 2.9279587268829346, 1280.0, 717.5827026367188)",0.8,0.7877205974525876,0.0,nao_castor,heuristic,153.9610777391781,598.2483210712671,zona_3,0.0,sem_contato,proximidade,alta
87,2.9,1,True,"[1, 2, 3, 8]",4,True,"(4.889180660247803, 138.2190704345703, 336.58953857421875, 720.0)","(887.78466796875, 1.0299072265625, 1280.0, 719.2284545898438)",0.8,0.7931084483861923,0.0,nao_castor,heuristic,152.57395944367528,589.9788906499743,zona_3,0.0,sem_contato,proximidade,alta
88,2.933333333333333,1,True,"[1, 2, 3, 8]",4,True,"(4.889119625091553, 138.2174530029297, 336.9960632324219, 720.0)","(886.9005126953125, 0.31181102991104126, 1280.0, 719.8426513671875)",0.8,0.7958307398690118,0.0,nao_castor,heuristic,152.18377765001495,588.537970662117,zona_3,0.0,sem_contato,proximidade,alta
89,2.966666666666667,1,True,"[1, 2, 3, 8]",4,True,"(5.188232421875, 138.92529296875, 334.5764465332031, 720.0)","(886.1286010742188, 0.044677168130874634, 1280.0, 720.0)",0.8,0.8020971367756525,0.0,nao_castor,heuristic,152.20643816635695,590.5948117822409,zona_3,0.0,sem_contato,proximidade,alta
90,3.0,1,True,"[1, 2, 3, 8, 9]",5,True,"(5.330423831939697, 139.1617889404297, 334.5585632324219, 720.0)","(886.4491577148438, 0.7198339700698853, 1279.2265625, 716.8942260742188)",0.8,0.8044301817814509,0.0,nao_castor,heuristic,152.9625174652052,586.5731072500348,zona_3,0.0,sem_contato,proximidade,alta
91,3.033333333333333,1,True,"[1, 2, 3, 8, 9]",5,True,"(5.448282718658447, 138.02978515625, 333.4087829589844, 720.0)","(884.7344970703125, 0.9502178430557251, 1277.5303955078125, 716.16259765625)",0.8,0.8058349672291014,0.0,nao_castor,heuristic,152.96916245513864,582.091997385025,zona_3,0.0,sem_contato,proximidade,alta
92,3.066666666666667,1,True,"[1, 2, 3, 8, 9]",5,True,"(5.689117431640625, 138.04933166503906, 336.52001953125, 720.0)","(882.32861328125, 0.6824842095375061, 1275.7574462890625, 715.3685913085938)",0.0,0.8114127367734909,0.0,indeterminado,none,152.45019003221793,573.2786890938878,zona_3,0.0,sem_contato,proximidade,media
93,3.1,1,True,"[1, 2, 3, 8, 9]",5,True,"(5.557149410247803, 137.8824920654297, 335.70672607421875, 720.0)","(878.5098266601562, 1.636345624923706, 1273.319091796875, 716.1973876953125)",0.0,0.8149139980475107,0.0,indeterminado,none,152.03020392065847,569.4612228572369,zona_3,0.0,sem_contato,proximidade,media
94,3.1333333333333333,1,True,"[1, 2, 3, 8, 9]",5,True,"(5.291544437408447, 137.6205291748047, 337.73046875, 720.0)","(871.5131225585938, 1.5232806205749512, 1269.5634765625, 717.6516723632812)",0.8,0.8085643698771795,0.0,nao_castor,heuristic,150.64846533102292,560.6299501806498,zona_3,0.0,sem_contato,proximidade,alta
95,3.1666666666666665,1,True,"[1, 2, 3, 8, 9]",5,True,"(5.2608642578125, 137.6680450439453, 337.795654296875, 720.0)","(868.22216796875, 1.5834623575210571, 1268.739013671875, 718.24169921875)",0.8,0.8071865240732828,0.0,nao_castor,heuristic,150.1894223176614,556.2054295539856,zona_3,0.0,sem_contato,proximidade,alta
96,3.2,1,True,"[1, 2, 3, 8, 9]",5,True,"(5.295278072357178, 138.25331115722656, 336.2139892578125, 720.0)","(863.7254638671875, 2.03395676612854, 1266.61669921875, 717.969482421875)",0.8,0.810054866804017,0.0,nao_castor,heuristic,149.91608389507235,551.6251584552228,zona_3,0.0,sem_contato,proximidade,alta
97,3.2333333333333334,1,True,"[1, 2, 3, 8, 9]",5,True,"(5.164133548736572, 137.83277893066406, 341.4076232910156, 720.0)","(857.0927124023438, 1.4895977973937988, 1263.9534912109375, 718.2868041992188)",0.8,0.8109988255633248,0.0,nao_castor,heuristic,148.53387309456105,534.4724767208099,zona_3,0.0,sem_contato,proximidade,alta
98,3.2666666666666666,1,True,"[1, 2, 3, 8, 9]",5,True,"(5.159444332122803, 137.8579864501953, 341.2604064941406, 720.0)","(853.77587890625, 1.2795783281326294, 1263.96337890625, 718.3973999023438)",0.8,0.8114918801519606,0.0,nao_castor,heuristic,148.20345446149634,531.2683169394732,zona_3,0.0,sem_contato,proximidade,alta
99,3.3,1,True,"[1, 2, 3, 8]",4,True,"(5.513102054595947, 138.36720275878906, 336.3413391113281, 720.0)","(841.5714721679688, 1.7302583456039429, 1256.630126953125, 717.71142578125)",0.8,0.8096290793683794,0.0,nao_castor,heuristic,147.1843005368754,524.6355459652841,zona_3,0.0,sem_contato,proximidade,alta
100,3.3333333333333335,1,True,"[1, 2, 3, 8, 9]",5,True,"(5.357645511627197, 138.9724884033203, 332.97723388671875, 720.0)","(832.1001586914062, 1.6050056219100952, 1253.12109375, 717.8607177734375)",0.8,0.8029382046726015,0.0,nao_castor,heuristic,146.33530313595412,519.3525264933705,zona_3,0.0,sem_contato,proximidade,alta
101,3.3666666666666667,1,True,"[1, 2, 3, 8]",4,True,"(5.360941410064697, 138.66064453125, 337.4706726074219, 720.0)","(827.992431640625, 2.216081142425537, 1253.283203125, 716.73974609375)",0.8,0.8063430355654823,0.0,nao_castor,heuristic,145.98169391300877,509.37615655362606,zona_3,0.0,sem_contato,proximidade,alta
102,3.4,1,True,"[1, 2, 3, 8]",4,True,"(5.373453617095947, 138.0465545654297, 334.6539611816406, 720.0)","(826.5216064453125, 3.879465341567993, 1254.4361572265625, 714.4425659179688)",0.0,0.8021766576502058,0.0,indeterminado,none,147.00728153877492,511.38568115234375,zona_3,0.0,sem_contato,proximidade,media
103,3.433333333333333,1,True,"[1, 2, 3, 8]",4,True,"(5.487060546875, 139.6808319091797, 334.4109191894531, 720.0)","(826.2261352539062, 5.185340881347656, 1257.8836669921875, 715.47216796875)",0.0,0.7980453736252255,0.0,indeterminado,none,147.34064580117413,513.79970369488,zona_3,0.0,sem_contato,proximidade,media
104,3.466666666666667,1,True,"[1, 2, 3, 8]",4,True,"(5.448526859283447, 139.4879608154297, 313.40557861328125, 720.0)","(826.1836547851562, 2.9719488620758057, 1260.7188720703125, 712.6990966796875)",0.0,0.8117045395904117,0.0,indeterminado,none,149.47508110961363,534.9725492969155,zona_3,0.0,sem_contato,proximidade,media
105,3.5,1,True,"[1, 2, 3, 8, 11]",5,True,"(5.450968265533447, 139.5792694091797, 313.6601257324219, 720.0)","(825.4157104492188, 2.137432098388672, 1262.71240234375, 711.616455078125)",0.0,0.8157169189718034,0.0,indeterminado,none,149.61089085860627,533.0704089738429,zona_3,0.0,sem_contato,proximidade,media
106,3.533333333333333,1,True,"[1, 2, 3, 8]",4,True,"(5.299295902252197, 138.65643310546875, 322.8270568847656, 720.0)","(823.446044921875, 0.7170341610908508, 1266.536376953125, 716.4345703125)",0.0,0.8133525285455916,0.0,indeterminado,none,147.70104774021098,521.075914632529,zona_3,0.0,sem_contato,proximidade,media
107,3.566666666666667,1,True,"[1, 2, 3, 8]",4,True,"(5.36920166015625, 138.18524169921875, 329.0961608886719, 720.0)","(823.4034423828125, 0.1848994642496109, 1268.4266357421875, 715.9160766601562)",0.0,0.8074590033955045,0.0,indeterminado,none,147.32210243020458,515.6333709396422,zona_3,0.0,sem_contato,proximidade,media
108,3.6,1,True,"[1, 2, 3, 8]",4,True,"(5.193115234375, 138.4444122314453, 329.0997009277344, 720.0)","(822.9302978515625, 0.0, 1268.40478515625, 712.8018188476562)",0.8,0.8078615168730418,0.0,nao_castor,heuristic,147.90376773812747,514.7656547129154,zona_3,0.0,sem_contato,proximidade,alta
109,3.6333333333333333,1,True,"[1, 2, 3, 8]",4,True,"(5.360677242279053, 139.5153045654297, 316.6871032714844, 720.0)","(815.5283813476562, 0.11570225656032562, 1266.45751953125, 716.905029296875)",0.8,0.8098539246453179,0.0,nao_castor,heuristic,147.31935362632592,537.1952117979527,zona_3,0.0,sem_contato,proximidade,alta
110,3.6666666666666665,1,True,"[1, 2, 3, 8]",4,True,"(5.418172359466553, 138.8031463623047, 314.985595703125, 720.0)","(807.09716796875, 0.16313326358795166, 1262.8282470703125, 718.4457397460938)",0.8,0.8092397583855523,0.0,nao_castor,heuristic,146.14228935253485,539.5303480923176,zona_3,0.0,sem_contato,proximidade,alta
111,3.7,1,True,"[1, 2, 3]",3,True,"(5.415303707122803, 138.52830505371094, 319.2397766113281, 720.0)","(798.0518798828125, 0.33503618836402893, 1258.57861328125, 718.6075439453125)",0.8,0.8139063318570455,0.0,nao_castor,heuristic,144.67859759006745,524.877659380436,zona_3,0.0,sem_contato,proximidade,alta
112,3.7333333333333334,1,True,"[1, 2, 3]",3,True,"(5.26025390625, 138.29931640625, 336.5079345703125, 720.0)","(789.9187622070312, 0.07467713207006454, 1255.4390869140625, 717.7232666015625)",0.8,0.8133275575107999,0.0,nao_castor,heuristic,142.43147170089392,485.82826712727547,zona_3,0.0,sem_contato,proximidade,alta
113,3.7666666666666666,1,True,"[1, 2, 3]",3,True,"(5.02362060546875, 138.40528869628906, 339.9183654785156, 720.0)","(783.3582763671875, 0.0, 1253.464111328125, 716.00244140625)",0.8,0.8105064100689359,0.0,nao_castor,heuristic,141.77878686851065,469.2874582782388,zona_3,0.0,sem_contato,proximidade,alta
114,3.8,1,True,"[1, 2, 3]",3,True,"(4.956380367279053, 138.2901153564453, 341.4224548339844, 720.0)","(779.2654418945312, 0.0, 1254.193115234375, 715.4967041015625)",0.8,0.8191820912890964,0.0,nao_castor,heuristic,141.47685823638963,465.78743819892406,zona_3,0.0,sem_contato,proximidade,alta
115,3.8333333333333335,1,True,"[1, 2, 3]",3,True,"(4.617757320404053, 138.02099609375, 353.6893615722656, 720.0)","(771.8812255859375, 0.0, 1251.80712890625, 713.8178100585938)",0.8,0.818125393655565,0.0,nao_castor,heuristic,139.98758032645205,445.69356322288513,zona_3,0.0,sem_contato,proximidade,alta
116,3.8666666666666667,1,True,"[1, 2, 3]",3,True,"(4.999796390533447, 139.66526794433594, 352.6705322265625, 720.0)","(767.3607177734375, 0.0, 1251.8936767578125, 712.1607666015625)",0.8,0.8165116906166077,0.0,nao_castor,heuristic,139.99575197626655,465.93484899401665,zona_3,0.0,sem_contato,proximidade,alta
117,3.9,1,True,"[1, 2, 3]",3,True,"(4.90655517578125, 138.83154296875, 334.7690124511719, 720.0)","(765.0958862304688, 0.0, 1252.9912109375, 709.2326049804688)",0.8,0.8112889660729302,0.0,nao_castor,heuristic,142.00275024191774,498.4096235483885,zona_3,0.0,sem_contato,proximidade,alta
118,3.933333333333333,1,True,"[1, 2, 3]",3,True,"(4.807708740234375, 137.9952850341797, 342.7637634277344, 720.0)","(766.1753540039062, 0.0, 1257.5296630859375, 708.4140014648438)",0.8,0.8036311268806458,0.0,nao_castor,heuristic,141.97576895178793,504.5539002120495,zona_3,0.0,sem_contato,proximidade,alta
119,3.966666666666667,1,True,"[1, 2, 3, 14]",4,True,"(4.899658203125, 138.196044921875, 346.8043518066406, 720.0)","(765.4815063476562, 0.0, 1260.82373046875, 709.0000610351562)",0.8,0.799773461288876,0.0,nao_castor,heuristic,141.72741214206317,506.3913818448782,zona_3,0.0,sem_contato,proximidade,alta
120,4.0,1,True,"[1, 2, 3, 14]",4,True,"(5.269785404205322, 137.9300994873047, 343.895751953125, 720.0)","(767.269775390625, 0.0, 1266.4989013671875, 711.5380859375)",0.8,0.7958347532484267,0.0,nao_castor,heuristic,142.0602646974229,506.4586755335331,zona_3,0.0,sem_contato,proximidade,alta
121,4.033333333333333,1,True,"[1, 2, 3, 14]",4,True,"(5.215433597564697, 138.7197265625, 329.8680419921875, 720.0)","(772.7389526367188, 0.0, 1273.9696044921875, 714.0987548828125)",0.8,0.7907811535729302,0.0,nao_castor,heuristic,143.81756819906485,524.8662484288216,zona_3,0.0,sem_contato,proximidade,alta
122,4.066666666666666,1,True,"[1, 2, 3, 14]",4,True,"(5.332000732421875, 138.5812225341797, 337.6405029296875, 720.0)","(779.774169921875, 0.0, 1280.0, 715.0906372070312)",0.8,0.7875095936987135,0.0,nao_castor,heuristic,144.0513681184338,521.0691102296114,zona_3,0.0,sem_contato,proximidade,alta
123,4.1,1,True,"[1, 2, 3, 14]",4,True,"(5.715871334075928, 138.92230224609375, 336.2324523925781, 720.0)","(780.3500366210938, 0.0, 1280.0, 713.7382202148438)",0.8,0.7759654455714755,0.0,nao_castor,heuristic,144.46030482167524,521.5572714805603,zona_3,0.0,sem_contato,proximidade,alta
124,4.133333333333334,1,True,"[1, 2, 3, 14]",4,True,"(5.723001956939697, 138.9745330810547, 336.12127685546875, 720.0)","(780.5314331054688, 0.0, 1279.834228515625, 713.2008666992188)",0.8,0.7706020739343431,0.0,nao_castor,heuristic,144.5799013038425,522.5882824510336,zona_3,0.0,sem_contato,proximidade,alta
125,4.166666666666667,1,True,"[1, 2, 3, 14]",4,True,"(5.543416500091553, 138.3888397216797, 345.4690246582031, 720.0)","(790.2951049804688, 0.40721532702445984, 1280.0, 712.6913452148438)",0.8,0.7679531607362959,0.0,nao_castor,heuristic,144.83081079051436,539.6845623552799,zona_3,0.0,sem_contato,proximidade,alta
126,4.2,1,True,"[1, 2, 3, 14]",4,True,"(5.355672359466553, 137.9883575439453, 343.9383239746094, 720.0)","(795.330322265625, 0.45716920495033264, 1280.0, 714.79345703125)",0.8,0.758970320224762,0.0,nao_castor,heuristic,144.9794248893628,554.2203783541918,zona_3,0.0,sem_contato,proximidade,alta
127,4.233333333333333,1,True,"[1, 2, 3, 14]",4,True,"(5.396036624908447, 138.7272186279297, 332.3334655761719, 720.0)","(801.6295166015625, 0.16237197816371918, 1280.0, 716.597412109375)",0.8,0.7471464375654856,0.0,nao_castor,heuristic,146.04924615588254,568.5456207245588,zona_3,0.0,sem_contato,proximidade,alta
128,4.266666666666667,1,True,"[1, 2, 3, 14]",4,True,"(5.1943359375, 139.019287109375, 332.14361572265625, 720.0)","(802.3599853515625, 0.05045318603515625, 1280.0, 717.192626953125)",0.8,0.7350530558162265,0.0,nao_castor,heuristic,145.99875425921442,567.4340115189552,zona_3,0.0,sem_contato,proximidade,alta
129,4.3,1,True,"[1, 2, 3, 14]",4,True,"(798.794921875, 37.07828903198242, 1280.0, 720.0)","(804.7611694335938, 3.2918286323547363, 1280.0, 717.2484741210938)",0.8,0.725531773434745,0.0,nao_castor,heuristic,0.6821111972803031,0.0,zona_1,1.0,toque_provavel,proximidade,alta
130,4.333333333333333,1,True,"[1, 2, 3, 14]",4,True,"(5.093505859375, 139.0886993408203, 342.760498046875, 720.0)","(821.5995483398438, 1.2266724109649658, 1280.0, 717.0791625976562)",0.8,0.7227678000926971,0.0,nao_castor,heuristic,146.99301582419668,578.4669844657183,zona_3,0.0,sem_contato,proximidade,alta
131,4.366666666666666,1,True,"[1, 2, 3, 14]",4,True,"(5.089681148529053, 139.0203399658203, 342.8416442871094, 720.0)","(829.57861328125, 0.4402282238006592, 1280.0, 717.0257568359375)",0.8,0.7175600959195031,0.0,nao_castor,heuristic,147.50429031751872,588.3709665685892,zona_3,0.0,sem_contato,proximidade,alta
132,4.4,1,True,"[1, 2, 3, 14]",4,True,"(4.929941654205322, 139.2638397216797, 344.6327209472656, 720.0)","(832.500732421875, 4.2817816734313965, 1280.0, 718.6217651367188)",0.0,0.7119441231091818,0.0,indeterminado,none,148.07572855431206,589.3149862289429,zona_3,0.0,sem_contato,proximidade,media
133,4.433333333333334,1,True,"[1, 2, 3, 14]",4,True,"(5.450927734375, 138.7124786376953, 344.8009948730469, 720.0)","(818.5777587890625, 8.408153533935547, 1280.0, 719.2057495117188)",0.8,0.7088906053039763,0.0,nao_castor,heuristic,147.5801185359777,585.073568969965,zona_3,0.0,sem_contato,proximidade,alta
134,4.466666666666667,1,True,"[1, 2, 3, 14]",4,True,"(5.445841312408447, 138.6834259033203, 344.9388427734375, 720.0)","(812.9727783203125, 9.836150169372559, 1280.0, 719.414306640625)",0.8,0.704993928472201,0.0,nao_castor,heuristic,147.34854550285047,585.0309538841248,zona_3,0.0,sem_contato,proximidade,alta
135,4.5,1,True,"[1, 2, 3, 14]",4,True,"(5.0714111328125, 138.5131072998047, 347.2535095214844, 720.0)","(811.7640380859375, 4.9107666015625, 1280.0, 718.618896484375)",0.8,0.7018071992529763,0.0,nao_castor,heuristic,146.23131538859334,586.2982439994812,zona_3,0.0,sem_contato,proximidade,alta
136,4.533333333333333,1,True,"[1, 2, 3, 14]",4,True,"(4.65380859375, 138.8032989501953, 349.6311950683594, 720.0)","(809.2109375, 4.490178108215332, 1278.515625, 718.0904541015625)",0.8,0.6968839052650664,0.0,nao_castor,heuristic,145.74930735574296,586.5568951666355,zona_3,0.0,sem_contato,proximidade,alta
137,4.566666666666666,1,True,"[1, 2, 3, 14]",4,True,"(4.866220951080322, 139.3616485595703, 341.8934020996094, 720.0)","(808.570556640625, 1.5779696702957153, 1278.6802978515625, 716.6864013671875)",0.8,0.7007501920064291,0.0,nao_castor,heuristic,146.03412053075647,593.6290220618248,zona_3,0.0,sem_contato,proximidade,alta
138,4.6,1,True,"[1, 2, 3, 14]",4,True,"(4.954233646392822, 138.61572265625, 339.1071472167969, 720.0)","(812.0161743164062, 0.4758022129535675, 1280.0, 715.3070678710938)",0.8,0.7001109603378508,0.0,nao_castor,heuristic,146.71826008796234,605.4546078443527,zona_3,0.0,sem_contato,proximidade,alta
139,4.633333333333334,1,True,"[1, 2, 3, 14]",4,True,"(4.72412109375, 138.629638671875, 345.76953125, 720.0)","(815.4271240234375, 0.06671331077814102, 1280.0, 715.3826904296875)",0.8,0.6990478783845901,0.0,nao_castor,heuristic,146.36535153150624,600.6172752678394,zona_3,0.0,sem_contato,proximidade,alta
140,4.666666666666667,1,True,"[1, 2, 3, 14]",4,True,"(4.864481449127197, 139.123046875, 341.1112976074219, 720.0)","(821.5723876953125, 0.0, 1280.0, 716.26123046875)",0.8,0.6980765759944916,0.0,nao_castor,heuristic,147.06471256041436,620.6264077425003,zona_3,0.0,sem_contato,proximidade,alta
141,4.7,1,True,"[1, 2, 3, 14]",4,True,"(4.864481449127197, 139.10906982421875, 341.2416076660156, 720.0)","(824.57080078125, 0.0, 1280.0, 716.62255859375)",0.8,0.6992048339711295,0.0,nao_castor,heuristic,147.23044909542972,618.786819934845,zona_3,0.0,sem_contato,proximidade,alta
142,4.733333333333333,1,True,"[1, 2, 3, 14]",4,True,"(5.083750247955322, 139.27783203125, 342.5704650878906, 720.0)","(831.93798828125, 0.0, 1280.0, 715.0946044921875)",0.8,0.7080136405097114,0.0,nao_castor,heuristic,148.03448714072653,626.3681890666485,zona_3,0.0,sem_contato,proximidade,alta
143,4.766666666666667,1,True,"[1, 2, 3, 14]",4,True,"(4.773355960845947, 138.99658203125, 341.10009765625, 720.0)","(835.905517578125, 0.0, 1280.0, 716.2244873046875)",0.8,0.7164869474040138,0.0,nao_castor,heuristic,148.2815682858594,632.7038590013981,zona_3,0.0,sem_contato,proximidade,alta
144,4.8,1,True,"[1, 2, 3, 14]",4,True,"(4.820810794830322, 139.07139587402344, 338.1558532714844, 720.0)","(841.1451416015625, 0.0, 1280.0, 715.6535034179688)",0.8,0.7169040342171987,0.0,nao_castor,heuristic,149.08245829433434,642.8974867165089,zona_3,0.0,sem_contato,proximidade,alta
145,4.833333333333333,1,True,"[1, 2, 3, 14]",4,True,"(5.087076663970947, 138.8013458251953, 339.1912536621094, 720.0)","(845.04052734375, 0.0, 1280.0, 715.24365234375)",0.0,0.7102226714293162,0.0,indeterminado,none,149.38581550883006,640.2870043814182,zona_3,0.0,sem_contato,proximidade,media
146,4.866666666666666,1,True,"[1, 2, 3, 14]",4,True,"(4.879628658294678, 138.330078125, 341.8128967285156, 720.0)","(847.4191284179688, 0.0, 1280.0, 715.0828857421875)",0.0,0.7050732639100816,0.0,indeterminado,none,149.41656081146246,630.1325135231018,zona_3,0.0,sem_contato,proximidade,media
147,4.9,1,True,"[1, 2, 3, 14]",4,True,"(4.890390872955322, 138.2496795654297, 343.5852966308594, 720.0)","(849.3265991210938, 0.7291535139083862, 1280.0, 715.492919921875)",0.0,0.7091904348797269,0.0,indeterminado,none,149.49334104973303,628.2740812599659,zona_3,0.0,sem_contato,proximidade,media
148,4.933333333333334,1,True,"[1, 2, 3, 14, 15]",5,True,"(4.911376953125, 138.97023010253906, 335.8420715332031, 720.0)","(848.6591796875, 0.23617443442344666, 1280.0, 715.0957641601562)",0.0,0.7091638909445869,0.0,indeterminado,none,150.06577471078097,634.4665179252625,zona_3,0.0,sem_contato,proximidade,media
149,4.966666666666667,1,True,"[1, 2, 3, 14, 15]",5,True,"(4.794291019439697, 138.2025604248047, 338.2005310058594, 720.0)","(849.0442504882812, 0.051850881427526474, 1280.0, 716.1304321289062)",0.0,0.7115413910812802,0.0,indeterminado,none,149.65392701801582,630.0765860378742,zona_3,0.0,sem_contato,proximidade,media
150,5.0,1,True,"[1, 2, 3, 14, 15]",5,True,"(4.768320560455322, 138.3777618408203, 338.3119201660156, 720.0)","(849.7276611328125, 0.0, 1280.0, 716.6708984375)",0.0,0.7173556453651853,0.0,indeterminado,none,149.579939465339,623.173778116703,zona_3,0.0,sem_contato,proximidade,media
151,5.033333333333333,1,True,"[1, 2, 3, 14]",4,True,"(4.86737060546875, 138.13853454589844, 339.7146301269531, 720.0)","(851.611328125, 0.0, 1280.0, 714.5578002929688)",0.0,0.7207136021720039,0.0,indeterminado,none,150.05608841587696,621.5719818472862,zona_3,0.0,sem_contato,proximidade,media
152,5.066666666666666,1,True,"[1, 2, 3, 14]",4,True,"(4.985707759857178, 138.4851837158203, 338.3932800292969, 720.0)","(853.0192260742188, 0.0, 1280.0, 713.3056030273438)",0.0,0.7273579173617892,0.0,indeterminado,none,150.54055198433196,623.6051284074783,zona_3,0.0,sem_contato,proximidade,media
153,5.1,1,True,"[1, 2, 3, 14]",4,True,"(5.047719478607178, 139.25341796875, 336.9773254394531, 720.0)","(852.0516357421875, 0.0, 1280.0, 714.2933349609375)",0.0,0.7331436143981086,0.0,indeterminado,none,150.3636858069892,621.7095423936844,zona_3,0.0,sem_contato,proximidade,media
154,5.133333333333334,1,True,"[1, 2, 3, 14, 15]",5,True,"(4.637979984283447, 138.77276611328125, 341.7760314941406, 720.0)","(851.1649169921875, 0.0, 1280.0, 714.4127807617188)",0.0,0.7382509609063467,0.0,indeterminado,none,149.8953491734751,618.2622722685337,zona_3,0.0,sem_contato,proximidade,media
155,5.166666666666667,1,True,"[1, 2, 3, 14, 15]",5,True,"(4.93621826171875, 138.94761657714844, 336.5979919433594, 720.0)","(850.0817260742188, 0.0, 1280.0, 714.4501342773438)",0.0,0.7418758173783621,0.0,indeterminado,none,150.20630878575494,624.7407408952713,zona_3,0.0,sem_contato,proximidade,media
156,5.2,1,True,"[1, 2, 3, 14, 15]",5,True,"(5.170888423919678, 138.96240234375, 336.6918029785156, 720.0)","(849.7076416015625, 0.0, 1280.0, 713.9169311523438)",0.0,0.7486607531706492,0.0,indeterminado,none,150.260031649629,624.8620626628399,zona_3,0.0,sem_contato,proximidade,media
157,5.233333333333333,1,True,"[1, 2, 3, 14]",4,True,"(4.796274662017822, 138.9412384033203, 343.1658020019531, 720.0)","(849.321044921875, 0.0, 1279.93505859375, 713.3391723632812)",0.0,0.743187192413542,0.0,indeterminado,none,149.83143299252902,618.681230545044,zona_3,0.0,sem_contato,proximidade,media
158,5.266666666666667,1,True,"[1, 2, 3, 14]",4,True,"(4.831644535064697, 139.286376953125, 330.6825256347656, 720.0)","(848.9962768554688, 0.0, 1279.365234375, 713.1060791015625)",0.0,0.7464329633447859,0.0,indeterminado,none,150.8527617691391,630.1954143345356,zona_3,0.0,sem_contato,proximidade,media
159,5.3,1,True,"[1, 2, 3, 14]",4,True,"(4.919118404388428, 139.660888671875, 337.0848083496094, 720.0)","(848.8248901367188, 0.0, 1279.2249755859375, 713.380615234375)",0.0,0.7529404428270128,0.0,indeterminado,none,150.22233281181974,623.8439199626446,zona_3,0.0,sem_contato,proximidade,media
160,5.333333333333333,1,True,"[1, 2, 3, 14]",4,True,"(4.9183349609375, 139.6780548095703, 337.3966064453125, 720.0)","(848.7973022460938, 0.0, 1279.1422119140625, 713.4917602539062)",0.0,0.7611242334047953,0.0,indeterminado,none,150.1633611509485,623.5604189634323,zona_3,0.0,sem_contato,proximidade,media
161,5.366666666666666,1,True,"[1, 2, 3, 14]",4,True,"(5.08258056640625, 139.9341583251953, 332.81207275390625, 720.0)","(848.72021484375, 0.0, 1279.1727294921875, 713.8892211914062)",0.0,0.7671890159447988,0.0,indeterminado,none,150.44687270047174,628.2055030465126,zona_3,0.0,sem_contato,proximidade,media
162,5.4,1,True,"[1, 2, 3, 14]",4,True,"(5.067606449127197, 139.3914337158203, 328.1367492675781, 720.0)","(849.1287841796875, 0.0, 1279.3046875, 713.7015380859375)",0.0,0.7686682608392503,0.0,indeterminado,none,150.92639277560104,633.9380058050156,zona_3,0.0,sem_contato,proximidade,media
163,5.433333333333334,1,True,"[1, 2, 3, 14]",4,True,"(5.0123291015625, 139.9453887939453, 327.4461364746094, 720.0)","(849.9449462890625, 0.0, 1279.7535400390625, 713.5712280273438)",0.0,0.7722044222884707,0.0,indeterminado,none,151.1231906211688,634.8295577764511,zona_3,0.0,sem_contato,proximidade,media
164,5.466666666666667,1,True,"[1, 2, 3, 14]",4,True,"(5.253946781158447, 139.1485137939453, 334.1149597167969, 720.0)","(851.1847534179688, 0.0, 1280.0, 712.7787475585938)",0.0,0.776379770702786,0.0,indeterminado,none,150.8356463178205,630.8547732532024,zona_3,0.0,sem_contato,proximidade,media
165,5.5,1,True,"[1, 2, 3, 14]",4,True,"(5.200582027435303, 138.993408203125, 334.5510559082031, 720.0)","(852.0674438476562, 0.0, 1280.0, 712.7130126953125)",0.0,0.7737866110271878,0.0,indeterminado,none,150.89173562106447,631.9206584692001,zona_3,0.0,sem_contato,proximidade,media
166,5.533333333333333,1,True,"[1, 2, 3, 14]",4,True,"(5.191670894622803, 139.1110076904297, 338.7586364746094, 720.0)","(851.986328125, 0.0, 1280.0, 713.2910766601562)",0.0,0.768195221821467,0.0,indeterminado,none,150.40869770353203,627.3153922557831,zona_3,0.0,sem_contato,proximidade,media
167,5.566666666666666,1,True,"[1, 2, 3, 14]",4,True,"(5.195770263671875, 139.12583923339844, 338.7811279296875, 720.0)","(852.0455322265625, 0.0, 1280.0, 713.5143432617188)",0.0,0.7605054808987511,0.0,indeterminado,none,150.36409846516537,628.5321618318558,zona_3,0.0,sem_contato,proximidade,media
168,5.6,1,True,"[1, 2, 3, 14]",4,True,"(5.170867919921875, 139.2364959716797, 336.8592529296875, 720.0)","(851.9487915039062, 0.0, 1280.0, 713.8408203125)",0.0,0.7502546906471252,0.0,indeterminado,none,150.45043717074142,629.3818655312061,zona_3,0.0,sem_contato,proximidade,media
169,5.633333333333334,1,True,"[1, 2, 3, 14]",4,True,"(5.197682857513428, 139.25537109375, 338.62451171875, 720.0)","(851.730224609375, 0.0, 1279.4825439453125, 713.4613647460938)",0.0,0.739310504661666,0.0,indeterminado,none,150.31830741957663,629.3247848749161,zona_3,0.0,sem_contato,proximidade,media
170,5.666666666666667,1,True,"[1, 2, 3, 14]",4,True,"(5.196115970611572, 139.2652130126953, 338.3968811035156, 720.0)","(851.6803588867188, 0.0, 1279.218505859375, 713.2928466796875)",0.0,0.7378291090329488,0.0,indeterminado,none,150.34690573141066,630.6384479999542,zona_3,0.0,sem_contato,proximidade,media
171,5.7,1,True,"[1, 2, 3, 14]",4,True,"(5.143076419830322, 139.66358947753906, 339.53076171875, 720.0)","(851.8040771484375, 0.0, 1278.8990478515625, 712.59033203125)",0.0,0.7328316072622935,0.0,indeterminado,none,150.3885769621119,628.7486346065998,zona_3,0.0,sem_contato,proximidade,media
172,5.733333333333333,1,True,"[1, 2, 3, 14]",4,True,"(5.189310550689697, 139.8165740966797, 322.41455078125, 720.0)","(852.074462890625, 0.0, 1278.8653564453125, 712.1475830078125)",0.0,0.7270736363199022,0.0,indeterminado,none,151.9407817660139,645.8992562890053,zona_3,0.0,sem_contato,proximidade,media
173,5.766666666666667,1,True,"[1, 2, 3, 14]",4,True,"(5.220845699310303, 140.293212890625, 332.0373840332031, 720.0)","(852.501953125, 0.0, 1278.99560546875, 711.8047485351562)",0.0,0.7211651603380839,0.0,indeterminado,none,151.24772869464715,636.0950255990028,zona_3,0.0,sem_contato,proximidade,media
174,5.8,1,True,"[1, 2, 3, 14, 15]",5,True,"(5.124837398529053, 140.1631622314453, 330.2352294921875, 720.0)","(852.5783081054688, 0.0, 1279.256103515625, 712.3800659179688)",0.0,0.7237406041887071,0.0,indeterminado,none,151.31296376880127,637.8942187428474,zona_3,0.0,sem_contato,proximidade,media
175,5.833333333333333,1,True,"[1, 2, 3, 14, 15]",5,True,"(5.0592041015625, 139.8870391845703, 320.7116394042969, 720.0)","(852.8523559570312, 0.0, 1279.3134765625, 712.2340698242188)",0.0,0.716854398449262,0.0,indeterminado,none,152.17989460182375,647.3399027585983,zona_3,0.0,sem_contato,proximidade,media
176,5.866666666666666,1,True,"[1, 2, 3, 14, 15]",5,True,"(5.139505863189697, 139.85400390625, 327.4233093261719, 720.0)","(853.0814208984375, 0.0, 1279.583251953125, 712.6533203125)",0.0,0.7194993396600088,0.0,indeterminado,none,151.55996101395317,640.934149324894,zona_3,0.0,sem_contato,proximidade,media
177,5.9,1,True,"[1, 2, 3, 14, 15]",5,True,"(5.138834476470947, 139.8125762939453, 327.5509033203125, 720.0)","(853.2210693359375, 0.0, 1279.6239013671875, 712.8037109375)",0.0,0.7210868977838092,0.0,indeterminado,none,151.53227235287068,640.5740700364113,zona_3,0.0,sem_contato,proximidade,media
178,5.933333333333334,1,True,"[1, 2, 3, 14, 15]",5,True,"(5.26544189453125, 140.51617431640625, 331.0636291503906, 720.0)","(853.6175537109375, 0.0, 1279.723876953125, 712.6915893554688)",0.0,0.7222102946705289,0.0,indeterminado,none,151.29168059012585,636.9223380088806,zona_3,0.0,sem_contato,proximidade,media
179,5.966666666666667,1,True,"[1, 2, 3, 14]",4,True,"(5.337381839752197, 139.68544006347656, 330.15753173828125, 720.0)","(853.5888671875, 0.0, 1279.570068359375, 712.7608642578125)",0.0,0.7187664922740724,0.0,indeterminado,none,151.3317367473581,637.8405472040176,zona_3,0.0,sem_contato,proximidade,media
180,6.0,1,True,"[1, 2, 3, 14]",4,True,"(5.012288570404053, 139.97021484375, 344.6501159667969, 720.0)","(854.4348754882812, 0.0, 1279.8729248046875, 712.3258666992188)",0.0,0.7117636336220635,0.0,indeterminado,none,150.3282256233248,623.1620355844498,zona_3,0.0,sem_contato,proximidade,media
181,6.033333333333333,1,True,"[1, 2, 3, 14]",4,True,"(5.022196292877197, 139.9029083251953, 334.73370361328125, 720.0)","(854.4010009765625, 0.0, 1279.7301025390625, 712.5128784179688)",0.0,0.7123120956950717,0.0,indeterminado,none,151.10781048298008,632.5985463559628,zona_3,0.0,sem_contato,proximidade,media
182,6.066666666666666,1,True,"[1, 2, 3, 14]",4,True,"(5.043212890625, 139.8898162841797, 348.4315490722656, 720.0)","(855.6754760742188, 0.0, 1280.0, 712.628662109375)",0.0,0.7203570918904411,0.0,indeterminado,none,150.05809770166013,620.52040964365,zona_3,0.0,sem_contato,proximidade,media
183,6.1,1,True,"[1, 2, 3, 14]",4,True,"(5.219380855560303, 139.82183837890625, 335.8755798339844, 720.0)","(856.8062133789062, 0.0, 1280.0, 713.0768432617188)",0.0,0.0,0.0,indeterminado,none,151.09995381756673,,zona_3,0.0,sem_contato,proximidade,baixa
184,6.133333333333334,1,True,"[1, 2, 3, 14]",4,True,"(5.279195308685303, 139.8099822998047, 329.8544921875, 720.0)","(857.861328125, 0.0, 1280.0, 713.4306030273438)",0.0,0.719545829627249,0.0,indeterminado,none,151.61465000110846,625.6242977380753,zona_3,0.0,sem_contato,proximidade,media
185,6.166666666666667,1,True,"[1, 2, 3, 14]",4,True,"(5.266397953033447, 139.9768829345703, 319.5761413574219, 720.0)","(857.9256591796875, 0.0, 1280.0, 714.4302978515625)",0.0,0.7221706310907999,0.0,indeterminado,none,152.2710342521067,636.2045210003853,zona_3,0.0,sem_contato,proximidade,media
186,6.2,1,True,"[1, 2, 3, 14]",4,True,"(5.266825199127197, 140.0015411376953, 319.5666198730469, 720.0)","(858.1212768554688, 0.0, 1280.0, 714.8241577148438)",0.0,0.716384596294827,0.0,indeterminado,none,152.2039253808129,637.230767250061,zona_3,0.0,sem_contato,proximidade,media
187,6.233333333333333,1,True,"[1, 2, 3, 14]",4,True,"(5.381856441497803, 139.7025604248047, 326.3870849609375, 720.0)","(858.4083862304688, 0.0, 1280.0, 714.8140258789062)",0.0,0.722506990035375,0.0,indeterminado,none,151.64804986541222,635.8784042298794,zona_3,0.0,sem_contato,proximidade,media
188,6.266666666666667,1,True,"[1, 2, 3, 14]",4,True,"(5.337117671966553, 139.6240234375, 324.1344299316406, 720.0)","(858.46044921875, 0.0, 1280.0, 715.2198486328125)",0.0,0.7211185627513461,0.0,indeterminado,none,151.75872152810683,643.2554811239243,zona_3,0.0,sem_contato,proximidade,media
189,6.3,1,True,"[1, 2, 3, 14]",4,True,"(5.44012451171875, 139.95074462890625, 314.07623291015625, 720.0)","(858.4915771484375, 0.0, 1280.0, 715.4219970703125)",0.0,0.7245235244433085,0.0,indeterminado,none,152.55317316736569,653.6121706962585,zona_3,0.0,sem_contato,proximidade,media
190,6.333333333333333,1,True,"[1, 2, 3, 14]",4,True,"(5.155924320220947, 139.47340393066406, 319.4380187988281, 720.0)","(858.3280029296875, 0.0, 1280.0, 716.37353515625)",0.0,0.724010189374288,0.0,indeterminado,none,151.9108514697805,650.0419060587883,zona_3,0.0,sem_contato,proximidade,media
191,6.366666666666666,1,True,"[1, 2, 3, 14]",4,True,"(5.314920902252197, 139.47705078125, 327.0135803222656, 720.0)","(858.7633056640625, 0.0, 1280.0, 716.09716796875)",0.0,0.7310851183202531,0.0,indeterminado,none,151.35809072532942,642.5007917881012,zona_3,0.0,sem_contato,proximidade,media
192,6.4,1,True,"[1, 2, 3, 14, 15]",5,True,"(5.187947750091553, 139.781982421875, 315.0588073730469, 720.0)","(858.867431640625, 0.0, 1280.0, 716.6909790039062)",0.0,0.738969647222095,0.0,indeterminado,none,152.2524578736018,653.6541724801064,zona_3,0.0,sem_contato,proximidade,media
193,6.433333333333334,1,True,"[1, 2, 3, 14]",4,True,"(4.929463863372803, 138.616455078125, 338.08953857421875, 720.0)","(860.3060302734375, 0.7756861448287964, 1280.0, 716.1659545898438)",0.0,0.7435328397485945,0.0,indeterminado,none,150.74038311001885,629.0314503908157,zona_3,0.0,sem_contato,proximidade,media
194,6.466666666666667,1,True,"[1, 2, 3, 14]",4,True,"(4.971659183502197, 139.3505096435547, 315.6998596191406, 720.0)","(859.843505859375, 0.29164841771125793, 1280.0, 717.1580200195312)",0.0,0.7469342582755618,0.0,indeterminado,none,152.26108564720835,649.2590082287788,zona_3,0.0,sem_contato,proximidade,media
195,6.5,1,True,"[1, 2, 3, 14, 15]",5,True,"(5.3131103515625, 139.8685760498047, 301.5388488769531, 720.0)","(860.03759765625, 0.10661846399307251, 1280.0, 716.8021850585938)",0.0,0.7500394483407339,0.0,indeterminado,none,153.47075219078067,662.2008606791496,zona_3,0.0,sem_contato,proximidade,media
196,6.533333333333333,1,True,"[1, 2, 3, 14, 15]",5,True,"(5.309712886810303, 139.921630859375, 301.4474182128906, 720.0)","(860.1696166992188, 0.03597783297300339, 1280.0, 716.739990234375)",0.0,0.7536307308408949,0.0,indeterminado,none,153.48797108592797,662.3273263573647,zona_3,0.0,sem_contato,proximidade,media
197,6.566666666666666,1,True,"[1, 2, 3, 14, 15]",5,True,"(5.395670413970947, 139.73338317871094, 318.1551208496094, 720.0)","(860.6925659179688, 0.009391779080033302, 1280.0, 716.6657104492188)",0.0,0.7464266618092855,0.0,indeterminado,none,152.1360208659093,649.1841140985489,zona_3,0.0,sem_contato,proximidade,media
198,6.6,1,True,"[1, 2, 3, 14, 15]",5,True,"(5.197906494140625, 139.48516845703125, 339.6241760253906, 720.0)","(861.8547973632812, 0.0, 1280.0, 716.6435546875)",0.0,0.7463407748275332,0.0,indeterminado,none,150.455152315577,631.1586542129517,zona_3,0.0,sem_contato,proximidade,media
199,6.633333333333334,1,True,"[1, 2, 3, 14]",4,True,"(4.9422607421875, 139.018310546875, 337.4622802734375, 720.0)","(862.6403198242188, 0.0, 1280.0, 716.6726684570312)",0.0,0.7451236645380656,0.0,indeterminado,none,150.71718157964605,633.6705660820007,zona_3,0.0,sem_contato,proximidade,media
200,6.666666666666667,1,True,"[1, 2, 3, 14, 15]",5,True,"(5.455525875091553, 139.4396209716797, 332.3980407714844, 720.0)","(863.4974975585938, 0.0, 1280.0, 716.4192504882812)",0.0,0.7510487172338698,0.0,indeterminado,none,151.22358575678638,640.104297041893,zona_3,0.0,sem_contato,proximidade,media
201,6.7,1,True,"[1, 2, 3, 14]",4,True,"(5.273763179779053, 138.9090118408203, 337.0890197753906, 720.0)","(862.686279296875, 0.0, 1280.0, 716.7861328125)",0.0,0.7514019906520844,0.0,indeterminado,none,150.70059715983027,633.9950684309006,zona_3,0.0,sem_contato,proximidade,media
202,6.733333333333333,1,True,"[1, 2, 3, 14]",4,True,"(5.149190425872803, 138.996337890625, 334.71160888671875, 720.0)","(862.3331298828125, 0.0, 1279.924072265625, 716.3300170898438)",0.0,0.7517559230327606,0.0,indeterminado,none,150.97047214389272,638.3300448358059,zona_3,0.0,sem_contato,proximidade,media
203,6.766666666666667,1,True,"[1, 2, 3, 14]",4,True,"(5.155354976654053, 139.03208923339844, 334.8614196777344, 720.0)","(862.267333984375, 0.0, 1279.60986328125, 716.1251831054688)",0.0,0.7550192309750451,0.0,indeterminado,none,150.9688917750478,637.3849069476128,zona_3,0.0,sem_contato,proximidade,media
204,6.8,1,True,"[1, 2, 3, 14, 15]",5,True,"(0.0, 139.9315643310547, 433.0601501464844, 720.0)","(861.2470703125, 0.0, 1278.38427734375, 715.3857421875)",0.0,0.7536387840906779,0.0,indeterminado,none,143.13364515778622,533.1429325044155,zona_3,0.0,sem_contato,proximidade,media
205,6.833333333333333,1,True,"[1, 2, 3, 14]",4,True,"(0.0, 139.737060546875, 405.0293884277344, 720.0)","(858.892822265625, 0.0, 1276.1116943359375, 714.06982421875)",0.0,0.7489186459117465,0.0,indeterminado,none,145.36526191794854,560.6263750195503,zona_3,0.0,sem_contato,proximidade,media
206,6.866666666666666,1,True,"[1, 2, 3, 14]",4,True,"(0.0, 139.74267578125, 404.9033203125, 720.0)","(857.7785034179688, 0.0, 1275.4857177734375, 713.5930786132812)",0.0,0.7435084150897132,0.0,indeterminado,none,145.32722797701263,562.2706009745598,zona_3,0.0,sem_contato,proximidade,media
207,6.9,1,True,"[1, 2, 3, 14]",4,True,"(0.0, 138.7670135498047, 384.4751892089844, 720.0)","(855.359130859375, 0.0, 1273.54736328125, 712.171630859375)",0.0,0.7402402626143562,0.0,indeterminado,none,146.97313032156185,581.1182464957237,zona_3,0.0,sem_contato,proximidade,media
208,6.933333333333334,1,True,"[1, 2, 3, 14]",4,True,"(0.0, 139.16526794433594, 389.3402404785156, 720.0)","(849.483642578125, 0.6129485368728638, 1270.0787353515625, 713.0855712890625)",0.0,0.7409546077251434,0.0,indeterminado,none,145.7131694703443,570.4578568041325,zona_3,0.0,sem_contato,proximidade,media
209,6.966666666666667,1,True,"[1, 2, 3, 14]",4,True,"(0.0, 139.609130859375, 377.17333984375, 720.0)","(845.7874755859375, 2.5701723098754883, 1267.4617919921875, 712.337646484375)",0.0,0.7463249696625603,0.0,indeterminado,none,146.7644230083157,582.6011836528778,zona_3,0.0,sem_contato,proximidade,media
210,7.0,1,True,"[1, 2, 3, 14]",4,True,"(0.0, 139.7853240966797, 378.0104064941406, 720.0)","(841.6309814453125, 2.5222346782684326, 1267.0115966796875, 714.4025268554688)",0.0,0.749049531088935,0.0,indeterminado,none,145.86736551052905,578.4672304987907,zona_3,0.0,sem_contato,proximidade,media
211,7.033333333333333,1,True,"[1, 2, 3, 14]",4,True,"(0.0, 140.0453338623047, 379.2314453125, 720.0)","(839.94677734375, 1.9927282333374023, 1268.77783203125, 716.6054077148438)",0.0,0.7532390455404917,0.0,indeterminado,none,145.2120741143982,579.8481411933899,zona_3,0.0,sem_contato,proximidade,media
212,7.066666666666666,1,True,"[1, 2, 3, 14]",4,True,"(0.0, 139.6764373779297, 381.6029052734375, 720.0)","(838.8480834960938, 4.66970682144165, 1269.3519287109375, 718.9195556640625)",0.0,0.7580994301372104,0.0,indeterminado,none,145.0415533393311,583.971323788166,zona_3,0.0,sem_contato,proximidade,media
213,7.1,1,True,"[1, 2, 3, 14]",4,True,"(0.0, 139.68267822265625, 380.998779296875, 720.0)","(837.9727783203125, 5.66228723526001, 1270.10791015625, 719.7803955078125)",0.0,0.7614289157920413,0.0,indeterminado,none,145.10893464425172,587.3507132232189,zona_3,0.0,sem_contato,proximidade,media
214,7.133333333333334,1,True,"[1, 2, 3, 14]",4,True,"(0.1686197966337204, 139.7884979248047, 392.373779296875, 720.0)","(835.6611938476562, 2.088069200515747, 1270.5653076171875, 717.9186401367188)",0.0,0.7619027396043142,0.0,indeterminado,none,143.63922646938187,576.4275370240211,zona_3,0.0,sem_contato,proximidade,media
215,7.166666666666667,1,True,"[1, 2, 3, 14]",4,True,"(4.230224609375, 137.9886932373047, 374.0426330566406, 720.0)","(833.4944458007812, 0.7252861857414246, 1269.8310546875, 715.5237426757812)",0.0,0.7650290131568909,0.0,indeterminado,none,144.80242849929064,594.6634329557419,zona_3,0.0,sem_contato,proximidade,media
216,7.2,1,True,"[1, 2, 3, 14]",4,True,"(0.0, 139.64744567871094, 378.7220764160156, 720.0)","(832.4634399414062, 0.20907087624073029, 1267.5487060546875, 708.6048583984375)",0.0,0.769606868426005,0.0,indeterminado,none,145.80331794435858,589.8352977335453,zona_3,0.0,sem_contato,proximidade,media
217,7.233333333333333,1,True,"[1, 2, 3, 14]",4,True,"(0.0, 139.91290283203125, 376.2318420410156, 720.0)","(827.6901245117188, 0.01871158741414547, 1266.4111328125, 709.828369140625)",0.0,0.7753304806020525,0.0,indeterminado,none,145.22117416051574,586.6891630589962,zona_3,0.0,sem_contato,proximidade,media
218,7.266666666666667,1,True,"[1, 2, 3, 14]",4,True,"(3.9405925273895264, 140.2943572998047, 373.3489990234375, 720.0)","(826.41552734375, 0.0, 1268.2332763671875, 711.5283203125)",0.0,0.7682167258527544,0.0,indeterminado,none,144.82426704572393,588.4023068547249,zona_3,0.0,sem_contato,proximidade,media
219,7.3,1,True,"[1, 2, 3, 14]",4,True,"(0.77099609375, 140.5991973876953, 368.2608947753906, 720.0)","(826.1113891601562, 0.0, 1269.42333984375, 710.8235473632812)",0.0,0.7717550231350793,0.0,indeterminado,none,145.74084286594058,593.1893312633038,zona_3,0.0,sem_contato,proximidade,media
220,7.333333333333333,1,True,"[1, 2, 3, 14]",4,True,"(4.834798336029053, 139.8494415283203, 374.9420471191406, 720.0)","(826.2528686523438, 1.37485933303833, 1269.796875, 709.5695190429688)",0.0,0.7829727100001441,0.0,indeterminado,none,145.41761791965808,584.7019810378551,zona_3,0.0,sem_contato,proximidade,media
221,7.366666666666666,1,True,"[1, 2, 3, 14]",4,True,"(4.957601070404053, 140.5458221435547, 377.50244140625, 720.0)","(827.4196166992188, 1.9114149808883667, 1269.188232421875, 703.8593139648438)",0.0,0.7846377789974213,0.0,indeterminado,none,146.54521356951068,581.5622151494026,zona_3,0.0,sem_contato,proximidade,media
222,7.4,1,True,"[1, 2, 3, 14]",4,True,"(4.962158203125, 140.5416717529297, 377.4147033691406, 720.0)","(827.3377685546875, 2.1251187324523926, 1269.5419921875, 701.6962280273438)",0.0,0.7888164718945821,0.0,indeterminado,none,147.08100278176485,581.1859079003334,zona_3,0.0,sem_contato,proximidade,media
223,7.433333333333334,1,True,"[1, 2, 3, 14, 15]",5,True,"(5.0753173828125, 140.79876708984375, 375.2504577636719, 720.0)","(825.381103515625, 1.5276575088500977, 1272.7613525390625, 707.7530517578125)",0.0,0.7808658844894834,0.0,indeterminado,none,145.95832820844578,581.324217915535,zona_3,0.0,sem_contato,proximidade,media
224,7.466666666666667,1,True,"[1, 2, 3, 14, 15]",5,True,"(0.2432454377412796, 141.4627227783203, 376.6250915527344, 720.0)","(827.4017333984375, 1.149240255355835, 1274.3372802734375, 705.3131713867188)",0.0,0.0,0.0,indeterminado,none,146.99310981938385,,zona_3,0.0,sem_contato,proximidade,baixa
225,7.5,1,True,"[1, 2, 3, 14]",4,True,"(4.66650390625, 140.1209259033203, 373.850830078125, 720.0)","(828.9552612304688, 0.3833961486816406, 1277.428466796875, 706.93896484375)",0.0,0.0,0.0,indeterminado,none,146.74547204460598,,zona_3,0.0,sem_contato,proximidade,baixa
226,7.533333333333333,1,True,"[1, 2, 3, 14]",4,True,"(4.845662593841553, 140.8499298095703, 376.7819519042969, 720.0)","(829.322265625, 0.48592332005500793, 1280.0, 711.4934692382812)",0.0,0.0,0.0,indeterminado,none,145.80253824735163,,zona_3,0.0,sem_contato,proximidade,baixa
227,7.566666666666666,1,True,"[1, 2, 3, 14]",4,True,"(5.4114990234375, 141.0810546875, 376.6844177246094, 720.0)","(831.9193115234375, 0.3685024082660675, 1280.0, 713.2280883789062)",0.0,0.0,0.0,indeterminado,none,145.60032152408513,,zona_3,0.0,sem_contato,proximidade,baixa
228,7.6,1,True,"[1, 2, 3, 14]",4,True,"(5.296346187591553, 140.6019744873047, 372.1968994140625, 720.0)","(834.1424560546875, 2.4942939281463623, 1280.0, 714.4382934570312)",0.0,0.0,0.0,indeterminado,none,146.3613571736602,,zona_3,0.0,sem_contato,proximidade,baixa
229,7.633333333333334,1,True,"[1, 2, 3, 14]",4,True,"(5.073445796966553, 141.087890625, 377.3077087402344, 720.0)","(837.2609252929688, 1.8362551927566528, 1280.0, 715.4260864257812)",0.0,0.0,0.0,indeterminado,none,145.87404240266227,,zona_3,0.0,sem_contato,proximidade,baixa
230,7.666666666666667,1,True,"[1, 2, 3, 14]",4,True,"(4.873982906341553, 141.26454162597656, 361.8611145019531, 720.0)","(838.1666259765625, 2.1385748386383057, 1280.0, 716.5653076171875)",0.0,0.0,0.0,indeterminado,none,147.0923401562842,,zona_3,0.0,sem_contato,proximidade,baixa
231,7.7,1,True,"[1, 2, 3, 14]",4,True,"(5.090535640716553, 140.4227752685547, 361.7464904785156, 720.0)","(839.8491821289062, 1.712921142578125, 1280.0, 717.3248291015625)",0.0,0.0,0.0,indeterminado,none,146.98081191848763,,zona_3,0.0,sem_contato,proximidade,baixa
232,7.733333333333333,1,True,"[1, 2, 3, 14]",4,True,"(5.091634273529053, 140.4312286376953, 361.8160705566406, 720.0)","(840.7492065429688, 1.5440235137939453, 1280.0, 717.5992431640625)",0.0,0.0,0.0,indeterminado,none,146.95917517134296,,zona_3,0.0,sem_contato,proximidade,baixa
233,7.766666666666667,1,True,"[1, 2, 3, 14]",4,True,"(5.4815673828125, 140.7321014404297, 347.1251525878906, 720.0)","(842.4712524414062, 1.4602628946304321, 1280.0, 717.2858276367188)",0.0,0.0,0.0,indeterminado,none,148.34950951072557,,zona_3,0.0,sem_contato,proximidade,baixa
234,7.8,1,True,"[1, 2, 3, 14]",4,True,"(5.203135013580322, 140.7860565185547, 343.1322326660156, 720.0)","(846.1238403320312, 1.1519949436187744, 1280.0, 716.4772338867188)",0.0,0.0,0.0,indeterminado,none,149.11838728826976,,zona_3,0.0,sem_contato,proximidade,baixa
235,7.833333333333333,1,True,"[1, 2, 3, 14]",4,True,"(5.104939937591553, 141.2740020751953, 352.3665466308594, 720.0)","(848.7431030273438, 1.3748778104782104, 1280.0, 715.8201293945312)",0.0,0.0,0.0,indeterminado,none,148.75524806288092,,zona_3,0.0,sem_contato,proximidade,baixa
236,7.866666666666666,1,True,"[1, 2, 3, 14]",4,True,"(5.313232421875, 141.73887634277344, 349.3669128417969, 720.0)","(846.963623046875, 1.8289289474487305, 1280.0, 715.7110595703125)",0.0,0.7758303946918912,0.0,indeterminado,none,148.9577195039244,638.7708747386932,zona_3,0.0,sem_contato,proximidade,media
237,7.9,1,True,"[1, 2, 3, 14, 15]",5,True,"(5.405069828033447, 140.72442626953125, 348.3712463378906, 720.0)","(848.8795776367188, 1.4787026643753052, 1280.0, 715.94384765625)",0.0,0.7716028094291687,0.0,indeterminado,none,149.07278351832554,604.4521834850311,zona_3,0.0,sem_contato,proximidade,media
238,7.933333333333334,1,True,"[1, 2, 3, 14, 15]",5,True,"(5.214395999908447, 141.1182403564453, 343.7139892578125, 720.0)","(853.5335693359375, 1.133376121520996, 1280.0, 715.862060546875)",0.0,0.7688091066148546,0.0,indeterminado,none,149.81553801017228,623.1079147160053,zona_3,0.0,sem_contato,proximidade,media
239,7.966666666666667,1,True,"[1, 2, 3, 14, 15]",5,True,"(5.204915523529053, 141.0936737060547, 343.8795471191406, 720.0)","(855.8829345703125, 0.9966684579849243, 1280.0, 715.81396484375)",0.0,0.7626539154185189,0.0,indeterminado,none,149.98110100999918,631.7894124984741,zona_3,0.0,sem_contato,proximidade,media
240,8.0,1,True,"[1, 2, 3, 14, 15]",5,True,"(5.412190914154053, 142.0669708251953, 336.4195556640625, 720.0)","(857.3305053710938, 1.2714734077453613, 1280.0, 715.87646484375)",0.0,0.7500858737362756,0.0,indeterminado,none,150.7561005365821,648.0004248321056,zona_3,0.0,sem_contato,proximidade,media
241,8.033333333333333,1,True,"[1, 2, 3, 14]",4,True,"(0.1563517302274704, 142.45794677734375, 314.7110900878906, 720.0)","(858.7071533203125, 1.8601411581039429, 1280.0, 716.6261596679688)",0.0,0.7464185655117035,0.0,indeterminado,none,153.100635435708,652.4342316389084,zona_3,0.0,sem_contato,proximidade,media
242,8.066666666666666,1,True,"[1, 2, 3, 14]",4,True,"(0.1622314453125, 142.46685791015625, 314.579833984375, 720.0)","(859.6810913085938, 2.080873727798462, 1280.0, 716.920166015625)",0.0,0.7419085502624512,0.0,indeterminado,none,153.17703776103366,658.6951008737087,zona_3,0.0,sem_contato,proximidade,media
243,8.1,1,True,"[1, 2, 3, 14, 15]",5,True,"(745.6320190429688, 123.18099212646484, 1280.0, 718.1149291992188)","(863.442626953125, 2.740365505218506, 1280.0, 717.0122680664062)",0.0,0.7515362997849783,0.0,indeterminado,none,9.898016144732555,0.0,zona_1,1.0,toque_provavel,proximidade,media
244,8.133333333333333,1,True,"[1, 2, 3, 14, 15]",5,True,"(4.71044921875, 142.848876953125, 371.2603454589844, 720.0)","(866.8032836914062, 3.4272050857543945, 1280.0, 717.2138061523438)",0.0,0.7495159837934706,0.0,indeterminado,none,148.8546790175406,593.8263867199421,zona_3,0.0,sem_contato,proximidade,media
245,8.166666666666666,1,True,"[1, 2, 3, 14]",4,True,"(0.0, 143.6109161376953, 283.3072204589844, 720.0)","(870.683349609375, 3.6817407608032227, 1280.0, 716.1364135742188)",0.0,0.7547645337051816,0.0,indeterminado,none,157.26407765708782,677.2361010611057,zona_3,0.0,sem_contato,proximidade,media
246,8.2,1,True,"[1, 2, 3, 14]",4,True,"(0.0, 144.386962890625, 263.52783203125, 720.0)","(876.2305908203125, 3.0242786407470703, 1280.0, 715.6585083007812)",0.0,0.7645367350843217,0.0,indeterminado,none,159.35715100249175,707.3478071689606,zona_3,0.0,sem_contato,proximidade,media
247,8.233333333333333,1,True,"[1, 2, 3, 14]",4,True,"(0.3680013120174408, 143.21319580078125, 349.1913757324219, 720.0)","(882.697021484375, 3.0076653957366943, 1280.0, 715.4783325195312)",0.0,0.7646113832791647,0.0,indeterminado,none,152.69346070439764,625.143838763237,zona_3,0.0,sem_contato,proximidade,media
248,8.266666666666667,1,True,"[1, 2, 3, 14]",4,True,"(4.653849124908447, 140.8056640625, 354.1048278808594, 720.0)","(887.9325561523438, 2.0655689239501953, 1280.0, 714.4759521484375)",0.0,0.7632746431562636,0.0,indeterminado,none,152.37349049190794,628.1239986270666,zona_3,0.0,sem_contato,proximidade,media
249,8.3,1,True,"[1, 2, 3, 14]",4,True,"(4.654093265533447, 140.8624725341797, 353.8597412109375, 720.0)","(890.8621826171875, 1.714246392250061, 1280.0, 714.0974731445312)",0.0,0.7727662225564321,0.0,indeterminado,none,152.6470635606033,624.6830897331238,zona_3,0.0,sem_contato,proximidade,media
250,8.333333333333334,1,True,"[1, 2, 3, 14]",4,True,"(3.8389892578125, 142.332275390625, 374.835205078125, 720.0)","(890.8740234375, 1.2180132865905762, 1280.0, 714.0628662109375)",0.0,0.7776641580793593,0.0,indeterminado,none,150.8523902183011,595.5703888833523,zona_3,0.0,sem_contato,proximidade,media
251,8.366666666666667,1,True,"[1, 2, 3, 14]",4,True,"(4.305338382720947, 141.7250213623047, 362.65478515625, 719.9708862304688)","(890.97119140625, 1.0120126008987427, 1280.0, 714.8601684570312)",0.0,0.7821069922712114,0.0,indeterminado,none,151.6322492314825,606.6114676594734,zona_3,0.0,sem_contato,proximidade,media
252,8.4,1,True,"[1, 2, 3, 14]",4,True,"(4.593221187591553, 140.9525604248047, 346.846435546875, 720.0)","(893.0338745117188, 1.1689677238464355, 1280.0, 715.5308227539062)",0.8,0.7938938074641757,0.0,nao_castor,heuristic,152.99944709199582,627.9627472162247,zona_3,0.0,sem_contato,proximidade,alta
253,8.433333333333334,1,True,"[1, 2, 3, 14]",4,True,"(4.968841552734375, 141.3583221435547, 345.7044372558594, 720.0)","(896.0071411132812, 0.7284030914306641, 1280.0, 715.5638427734375)",0.8,0.8047270675500234,0.0,nao_castor,heuristic,153.21194138976543,632.9949359893799,zona_3,0.0,sem_contato,proximidade,alta
254,8.466666666666667,1,True,"[1, 2, 3, 14]",4,True,"(5.185587406158447, 141.2615509033203, 349.3374938964844, 720.0)","(897.8201904296875, 1.15079665184021, 1280.0, 716.2194213867188)",0.8,0.8111075891388787,0.0,nao_castor,heuristic,152.99058500959606,638.3728233575821,zona_3,0.0,sem_contato,proximidade,alta
255,8.5,1,True,"[1, 2, 3, 14]",4,True,"(4.7806396484375, 141.0690155029297, 357.1490783691406, 720.0)","(900.6138305664062, 1.379453420639038, 1280.0, 716.4496459960938)",0.8,0.8102695047855377,0.0,nao_castor,heuristic,152.60303056104905,640.0194894075394,zona_3,0.0,sem_contato,proximidade,alta
256,8.533333333333333,1,True,"[1, 2, 3, 14]",4,True,"(4.815511226654053, 140.40264892578125, 359.78125, 720.0)","(902.5479125976562, 2.0482420921325684, 1280.0, 716.7338256835938)",0.8,0.818544563319948,0.0,nao_castor,heuristic,152.62344134917305,639.9296921491623,zona_3,0.0,sem_contato,proximidade,alta
257,8.566666666666666,1,True,"[1, 2, 3, 14]",4,True,"(3.7814128398895264, 141.326416015625, 374.6673889160156, 720.0)","(905.271240234375, 0.7099462747573853, 1280.0, 716.2509765625)",0.8,0.8231881029076047,0.0,nao_castor,heuristic,151.50812488667998,629.8405091762543,zona_3,0.0,sem_contato,proximidade,alta
258,8.6,1,True,"[1, 2, 3, 14]",4,True,"(0.3214111328125, 141.40211486816406, 377.1123046875, 720.0)","(908.0091552734375, 0.20462915301322937, 1280.0, 716.6517333984375)",0.8,0.821758637825648,0.0,nao_castor,heuristic,151.630551296893,639.7864495515823,zona_3,0.0,sem_contato,proximidade,alta
259,8.633333333333333,1,True,"[1, 2, 3, 14]",4,True,"(0.3101399838924408, 141.3441619873047, 376.955078125, 720.0)","(909.7500610351562, 0.01818777434527874, 1280.0, 716.7943115234375)",0.8,0.8225404222806295,0.0,nao_castor,heuristic,151.7206940173037,640.8329412341118,zona_3,0.0,sem_contato,proximidade,alta
260,8.666666666666666,1,True,"[1, 2, 3, 14]",4,True,"(4.513956546783447, 140.54551696777344, 360.9842834472656, 720.0)","(912.7766723632812, 0.18911276757717133, 1280.0, 715.7907104492188)",0.8,0.8197246458795335,0.0,nao_castor,heuristic,153.2107668086221,665.2697787284851,zona_3,0.0,sem_contato,proximidade,alta
261,8.7,1,True,"[1, 2, 3, 14]",4,True,"(4.611775875091553, 140.795654296875, 355.9928894042969, 720.0)","(912.7207641601562, 0.18228855729103088, 1280.0, 715.5858154296875)",0.8,0.817305733760198,0.0,nao_castor,heuristic,153.65907215589633,672.334554195404,zona_3,0.0,sem_contato,proximidade,alta
262,8.733333333333333,1,True,"[1, 2, 3, 14]",4,True,"(4.878173828125, 141.306640625, 352.3274841308594, 720.0)","(915.635498046875, 0.025585858151316643, 1280.0, 715.12109375)",0.8,0.8152757585048676,0.0,nao_castor,heuristic,154.2554007398722,678.8229208290577,zona_3,0.0,sem_contato,proximidade,alta
263,8.766666666666667,1,True,"[1, 2, 3, 14]",4,True,"(3.7700603008270264, 141.610107421875, 360.9768981933594, 720.0)","(919.7279663085938, 0.0, 1280.0, 714.5748901367188)",0.8,0.8134445812967088,0.0,nao_castor,heuristic,154.07872105242575,669.801373898983,zona_3,0.0,sem_contato,proximidade,alta
264,8.8,1,True,"[1, 2, 3, 14]",4,True,"(4.28167724609375, 141.3521270751953, 337.56121826171875, 720.0)","(922.1466064453125, 0.645328164100647, 1280.0, 714.1410522460938)",0.8,0.8118670417202843,0.0,nao_castor,heuristic,156.4416340109678,695.9455225467682,zona_3,0.0,sem_contato,proximidade,alta
265,8.833333333333334,1,True,"[1, 2, 3, 14]",4,True,"(3.7295329570770264, 141.259765625, 348.6331787109375, 720.0)","(924.357666015625, 0.6447211503982544, 1280.0, 714.3295288085938)",0.8,0.8137555221716563,0.0,nao_castor,heuristic,155.7014798170226,685.8393796682358,zona_3,0.0,sem_contato,proximidade,alta
266,8.866666666666667,1,True,"[1, 2, 3, 14]",4,True,"(3.573974609375, 140.7889862060547, 350.0009765625, 720.0)","(926.04833984375, 0.2125546634197235, 1280.0, 714.5088500976562)",0.8,0.8165454698933495,0.0,nao_castor,heuristic,155.60819404325667,678.0139921307564,zona_3,0.0,sem_contato,proximidade,alta
267,8.9,1,True,"[1, 2, 3, 14]",4,True,"(3.6149494647979736, 140.00636291503906, 337.0948486328125, 720.0)","(927.0256958007812, 0.050552986562252045, 1280.0, 714.64111328125)",0.8,0.8176283803251054,0.0,nao_castor,heuristic,156.7062406806639,687.5395556390285,zona_3,0.0,sem_contato,proximidade,alta
268,8.933333333333334,1,True,"[1, 2, 3, 14]",4,True,"(3.624267578125, 140.024169921875, 336.9368591308594, 720.0)","(927.8953857421875, 0.0, 1280.0, 714.7330322265625)",0.8,0.8184964425033994,0.0,nao_castor,heuristic,156.76040309479228,684.9213222563267,zona_3,0.0,sem_contato,proximidade,alta
269,8.966666666666667,1,True,"[1, 2, 3, 14]",4,True,"(3.73870849609375, 140.42535400390625, 340.4107360839844, 720.0)","(928.817626953125, 0.0, 1280.0, 714.1804809570312)",0.8,0.8158869942029318,0.0,nao_castor,heuristic,156.65825850654795,678.812014579773,zona_3,0.0,sem_contato,proximidade,alta
270,9.0,1,True,"[1, 2, 3, 14]",4,True,"(4.74017333984375, 139.0987091064453, 329.2268981933594, 720.0)","(929.4317016601562, 0.0, 1280.0, 714.1082763671875)",0.8,0.8158805833922492,0.0,nao_castor,heuristic,157.58128361409337,688.1414287686348,zona_3,0.0,sem_contato,proximidade,alta
271,9.033333333333333,1,True,"[1, 2, 3, 14]",4,True,"(4.3297119140625, 139.5769805908203, 330.6017761230469, 720.0)","(929.552734375, 0.0, 1280.0, 714.3350219726562)",0.8,0.8161639720201492,0.0,nao_castor,heuristic,157.46019109120402,686.9650200903416,zona_3,0.0,sem_contato,proximidade,alta
272,9.066666666666666,1,True,"[1, 2, 3, 14]",4,True,"(3.7605388164520264, 141.28648376464844, 340.2299499511719, 720.0)","(930.477294921875, 0.0, 1280.0, 714.3624267578125)",0.8,0.8155444214741389,0.0,nao_castor,heuristic,156.7709155691015,678.8555857539177,zona_3,0.0,sem_contato,proximidade,alta
273,9.1,1,True,"[1, 2, 3, 14]",4,True,"(4.309834957122803, 140.3277130126953, 331.1882629394531, 720.0)","(931.0944213867188, 0.0, 1280.0, 714.452392578125)",0.8,0.8094665524032381,0.0,nao_castor,heuristic,157.51609147886728,694.4547753334045,zona_3,0.0,sem_contato,proximidade,alta
274,9.133333333333333,1,True,"[1, 2, 3, 14]",4,True,"(4.884053707122803, 139.6289825439453, 326.0912780761719, 718.7290649414062)","(931.159423828125, 0.0, 1280.0, 714.7230834960938)",0.8,0.8086584326293733,0.0,nao_castor,heuristic,157.84024940002806,699.5756201148033,zona_3,0.0,sem_contato,proximidade,alta
275,9.166666666666666,1,True,"[1, 2, 3, 14]",4,True,"(4.898681640625, 139.71630859375, 326.0235290527344, 718.6390991210938)","(931.5155029296875, 0.0, 1280.0, 714.8701782226562)",0.8,0.8117964284287559,0.0,nao_castor,heuristic,157.8419514045846,700.2107962667942,zona_3,0.0,sem_contato,proximidade,alta
276,9.2,1,True,"[1, 2, 3, 14]",4,True,"(3.8857014179229736, 140.3106231689453, 339.351806640625, 720.0)","(931.8502197265625, 0.0, 1280.0, 714.6747436523438)",0.8,0.8095096796751022,0.0,nao_castor,heuristic,156.88057374302312,686.8985882401466,zona_3,0.0,sem_contato,proximidade,alta
277,9.233333333333333,1,True,"[1, 2, 3, 14]",4,True,"(3.9031779766082764, 140.95123291015625, 337.92889404296875, 720.0)","(932.861328125, 0.0, 1280.0, 714.8133544921875)",0.8,0.8012504395511415,0.0,nao_castor,heuristic,157.05285860150389,689.9048655033112,zona_3,0.0,sem_contato,proximidade,alta
278,9.266666666666667,1,True,"[1, 2, 3, 14]",4,True,"(3.901275634765625, 140.96058654785156, 338.0116271972656, 720.0)","(933.4674682617188, 0.0, 1280.0, 714.86669921875)",0.8,0.790137509504954,0.0,nao_castor,heuristic,157.08517908329242,694.1451539099216,zona_3,0.0,sem_contato,proximidade,alta
279,9.3,1,True,"[1, 2, 3, 14]",4,True,"(0.0, 139.726806640625, 291.8695373535156, 720.0)","(933.4494018554688, 0.0, 1280.0, 715.0291137695312)",0.8,0.7896489153305689,0.0,nao_castor,heuristic,161.24704956293579,739.7570398747921,zona_3,0.0,sem_contato,proximidade,alta
280,9.333333333333334,1,True,"[1, 2, 3, 14]",4,True,"(3.952880859375, 139.55859375, 300.7102966308594, 720.0)","(933.896728515625, 0.0, 1280.0, 714.9923706054688)",0.8,0.7901632669899199,0.0,nao_castor,heuristic,160.21931683517167,724.7215716540813,zona_3,0.0,sem_contato,proximidade,alta
281,9.366666666666667,1,True,"[1, 2, 3, 14]",4,True,"(0.0, 137.515380859375, 334.7857971191406, 720.0)","(934.3729248046875, 0.0, 1280.0, 714.7388916015625)",0.8,0.7861979123618867,0.0,nao_castor,heuristic,157.78768459632468,693.345830976963,zona_3,0.0,sem_contato,proximidade,alta
282,9.4,1,True,"[1, 2, 3, 14]",4,True,"(4.559916019439697, 139.03369140625, 329.0740661621094, 720.0)","(934.6593017578125, 0.0, 1280.0, 714.8853759765625)",0.8,0.7834964940945307,0.0,nao_castor,heuristic,157.87592220010984,699.1090374588966,zona_3,0.0,sem_contato,proximidade,alta
283,9.433333333333334,1,True,"[1, 2, 3, 14]",4,True,"(4.064127445220947, 138.9803009033203, 345.2989807128906, 720.0)","(934.958251953125, 0.0, 1280.0, 715.42724609375)",0.8,0.7900523079766167,0.0,nao_castor,heuristic,156.46182644312663,675.1750701367855,zona_3,0.0,sem_contato,proximidade,alta
284,9.466666666666667,1,True,"[1, 2, 3, 14]",4,True,"(3.9906413555145264, 139.9281463623047, 338.4495849609375, 720.0)","(935.4655151367188, 0.0, 1280.0, 715.8359375)",0.8,0.7874903132518133,0.0,nao_castor,heuristic,156.9949513974364,684.7029081285,zona_3,0.0,sem_contato,proximidade,alta
285,9.5,1,True,"[1, 2, 3, 14]",4,True,"(3.99493408203125, 139.9380645751953, 338.76641845703125, 720.0)","(935.81640625, 0.0, 1280.0, 715.9789428710938)",0.8,0.7841606222920947,0.0,nao_castor,heuristic,156.96598373602077,685.4635354280472,zona_3,0.0,sem_contato,proximidade,alta
286,9.533333333333333,1,True,"[1, 2, 3, 14]",4,True,"(4.266397953033447, 139.151611328125, 353.9095153808594, 720.0)","(936.2273559570312, 0.0, 1280.0, 715.8790283203125)",0.8,0.7864429801702499,0.0,nao_castor,heuristic,155.73047809736605,670.8902235031128,zona_3,0.0,sem_contato,proximidade,alta
287,9.566666666666666,1,True,"[1, 2, 3, 14]",4,True,"(3.8853759765625, 138.563720703125, 376.75244140625, 720.0)","(936.0726318359375, 0.0, 1280.0, 716.065673828125)",0.8,0.7890016800827451,0.0,nao_castor,heuristic,153.79469355038296,647.733001947403,zona_3,0.0,sem_contato,proximidade,alta
288,9.6,1,True,"[1, 2, 3, 14]",4,True,"(4.153971195220947, 138.82240295410156, 376.662109375, 720.0)","(935.6331176757812, 0.0, 1280.0, 716.371337890625)",0.8,0.0,0.0,nao_castor,heuristic,153.67711905190495,,zona_3,0.0,sem_contato,proximidade,baixa
289,9.633333333333333,1,True,"[1, 2, 3, 14]",4,True,"(4.411336421966553, 138.6067657470703, 382.3875427246094, 720.0)","(935.875732421875, 0.0, 1280.0, 716.214111328125)",0.8,0.7946514636278152,0.0,nao_castor,heuristic,153.2300883168997,618.7908184528351,zona_3,0.0,sem_contato,proximidade,alta
290,9.666666666666666,1,True,"[1, 2, 3, 14]",4,True,"(4.161376953125, 138.9929962158203, 365.3379821777344, 720.0)","(935.5834350585938, 0.0, 1279.8660888671875, 716.1923217773438)",0.8,0.8013369606600868,0.0,nao_castor,heuristic,154.64833818614485,630.9733898639679,zona_3,0.0,sem_contato,proximidade,alta
291,9.7,1,True,"[1, 2, 3, 14]",4,True,"(4.061482906341553, 139.47325134277344, 365.1859436035156, 720.0)","(935.1743774414062, 0.0, 1279.3360595703125, 715.9905395507812)",0.8,0.8022144155369865,0.0,nao_castor,heuristic,154.63448179685346,631.358379483223,zona_3,0.0,sem_contato,proximidade,alta
292,9.733333333333333,1,True,"[1, 2, 3, 14]",4,True,"(4.449259281158447, 138.99851989746094, 349.9398498535156, 720.0)","(934.8863525390625, 0.0, 1279.01904296875, 715.9317626953125)",0.8,0.8047939952876833,0.0,nao_castor,heuristic,155.84173107883996,640.0260351449251,zona_3,0.0,sem_contato,proximidade,alta
293,9.766666666666667,1,True,"[1, 2, 3, 14]",4,True,"(4.924397945404053, 139.89794921875, 300.1753234863281, 720.0)","(936.212646484375, 0.0, 1279.9171142578125, 715.7427368164062)",0.8,0.8055324090851678,0.0,nao_castor,heuristic,160.20133288124808,691.7718521654606,zona_3,0.0,sem_contato,proximidade,alta
294,9.8,1,True,"[1, 2, 3, 14]",4,True,"(1.2887979745864868, 137.5467987060547, 311.2024841308594, 720.0)","(936.4393920898438, 0.0, 1279.7872314453125, 715.3804931640625)",0.8,0.8073886649476157,0.0,nao_castor,heuristic,159.67092575832348,681.2583517879248,zona_3,0.0,sem_contato,proximidade,alta
295,9.833333333333334,1,True,"[1, 2, 3, 14]",4,True,"(1.269287109375, 137.55162048339844, 311.0467529296875, 720.0)","(936.5596313476562, 0.0, 1279.677490234375, 715.2407836914062)",0.8,0.8065149916542901,0.0,nao_castor,heuristic,159.71781122864715,681.4798679351807,zona_3,0.0,sem_contato,proximidade,alta
296,9.866666666666667,1,True,"[1, 2, 3, 14]",4,True,"(1.5632528066635132, 137.27980041503906, 304.30810546875, 720.0)","(936.9227294921875, 0.0, 1279.7686767578125, 715.0762329101562)",0.8,0.8102260281642278,0.0,nao_castor,heuristic,160.33357016890164,677.297376126051,zona_3,0.0,sem_contato,proximidade,alta
297,9.9,1,True,"[1, 2, 3, 14]",4,True,"(6.2523193359375, 140.1900177001953, 295.4728088378906, 720.0)","(937.4138793945312, 0.0, 1280.0, 715.0927734375)",0.8,0.8127844085295995,0.0,nao_castor,heuristic,160.73835140643078,684.9273718446493,zona_3,0.0,sem_contato,proximidade,alta
298,9.933333333333334,1,True,"[1, 2, 3, 14]",4,True,"(3.3890583515167236, 140.859619140625, 289.3371276855469, 720.0)","(937.7969970703125, 0.0, 1280.0, 715.1210327148438)",0.8,0.817984304494328,0.0,nao_castor,heuristic,161.5191376278695,691.6840309947729,zona_3,0.0,sem_contato,proximidade,alta
299,9.966666666666667,1,True,"[1, 2, 3, 14]",4,True,"(3.1892292499542236, 139.49853515625, 290.05828857421875, 720.0)","(938.2197875976562, 0.0, 1280.0, 714.8198852539062)",0.8,0.8222727394766278,0.0,nao_castor,heuristic,161.57917725045297,690.539067581296,zona_3,0.0,sem_contato,proximidade,alta
300,10.0,1,True,"[1, 2, 3, 14]",4,True,"(3.41583251953125, 141.99205017089844, 286.3490295410156, 720.0)","(937.5023193359375, 0.0, 1279.416015625, 714.80859375)",0.8,0.8267292049196031,0.0,nao_castor,heuristic,161.76482423280524,693.687631547451,zona_3,0.0,sem_contato,proximidade,alta
301,10.033333333333333,1,True,"[1, 2, 3, 14]",4,True,"(2.5929157733917236, 141.50779724121094, 280.5137634277344, 720.0)","(937.5487670898438, 0.0, 1279.3050537109375, 714.6567993164062)",0.8,0.8306246234310998,0.0,nao_castor,heuristic,162.35289480262398,711.7398785352707,zona_3,0.0,sem_contato,proximidade,alta
302,10.066666666666666,1,True,"[1, 2, 3, 14, 18]",5,True,"(1.1494547128677368, 142.3278045654297, 278.0027160644531, 720.0)","(936.9822387695312, 0.0, 1278.76513671875, 714.5234985351562)",0.8,0.8278416395187378,0.0,nao_castor,heuristic,162.6224623083075,719.9404949247837,zona_3,0.0,sem_contato,proximidade,alta
303,10.1,1,True,"[1, 2, 3, 14, 18]",5,True,"(0.2654622495174408, 143.01727294921875, 265.05633544921875, 720.0)","(936.773681640625, 0.0, 1278.6021728515625, 714.4695434570312)",0.8,0.8269591662618849,0.0,nao_castor,heuristic,163.7650290681856,730.463858038187,zona_3,0.0,sem_contato,proximidade,alta
304,10.133333333333333,1,True,"[1, 2, 3, 14, 18]",5,True,"(0.269287109375, 143.012939453125, 264.9703369140625, 720.0)","(936.67041015625, 0.0, 1278.560302734375, 714.4623413085938)",0.8,0.8254402495092816,0.0,nao_castor,heuristic,163.76139885681073,734.7221845090389,zona_3,0.0,sem_contato,proximidade,alta
305,10.166666666666666,1,True,"[1, 2, 3, 14, 18]",5,True,"(0.0, 143.64093017578125, 262.722412109375, 720.0)","(936.15673828125, 0.0, 1278.29833984375, 714.6917724609375)",0.8,0.8227549658881294,0.0,nao_castor,heuristic,163.85482092785742,741.4689811766148,zona_3,0.0,sem_contato,proximidade,alta
306,10.2,1,True,"[1, 2, 3, 14, 18]",5,True,"(0.0, 143.2888946533203, 261.3252868652344, 720.0)","(935.0986328125, 0.0, 1277.6751708984375, 714.9312744140625)",0.8,0.8256206098530028,0.0,nao_castor,heuristic,163.77586918034487,744.6402264237404,zona_3,0.0,sem_contato,proximidade,alta
307,10.233333333333333,1,True,"[1, 2, 3, 14, 18]",5,True,"(0.0, 144.88319396972656, 262.3294982910156, 720.0)","(934.9356079101562, 0.0, 1277.6075439453125, 714.5675048828125)",0.8,0.8284276111258401,0.0,nao_castor,heuristic,163.75588635712896,747.6475042253733,zona_3,0.0,sem_contato,proximidade,alta
308,10.266666666666667,1,True,"[1, 2, 3, 14, 18]",5,True,"(0.0, 144.05848693847656, 259.432373046875, 720.0)","(935.0863647460938, 0.0, 1277.766357421875, 714.1339721679688)",0.8,0.8300652818547355,0.0,nao_castor,heuristic,164.12513526067198,750.5683957636356,zona_3,0.0,sem_contato,proximidade,alta
309,10.3,1,True,"[1, 2, 3, 14, 18]",5,True,"(0.0, 145.5249786376953, 256.94964599609375, 720.0)","(936.5145263671875, 0.0, 1279.1685791015625, 714.561767578125)",0.8,0.8324489725960625,0.0,nao_castor,heuristic,164.4725826842918,753.2115417420864,zona_3,0.0,sem_contato,proximidade,alta
310,10.333333333333334,1,True,"[1, 2, 3, 14, 18]",5,True,"(0.0, 144.7203826904297, 259.83984375, 720.0)","(937.1172485351562, 0.0, 1279.70068359375, 714.9039916992188)",0.8,0.8346924351321326,0.0,nao_castor,heuristic,164.24621916740736,751.4875237643719,zona_3,0.0,sem_contato,proximidade,alta
311,10.366666666666667,1,True,"[1, 2, 3, 14, 18]",5,True,"(0.0, 144.7141876220703, 259.8905334472656, 720.0)","(937.3692626953125, 0.0, 1279.8138427734375, 715.041259765625)",0.8,0.8367986149258084,0.0,nao_castor,heuristic,164.2409584698946,751.3533226847649,zona_3,0.0,sem_contato,proximidade,alta
312,10.4,1,True,"[1, 2, 3, 14, 18]",5,True,"(0.0, 145.3504180908203, 256.2786560058594, 720.0)","(936.3922119140625, 0.0, 1278.960693359375, 715.1033935546875)",0.8,0.840865926610099,0.0,nao_castor,heuristic,164.3761233194903,752.3595260083675,zona_3,0.0,sem_contato,proximidade,alta
313,10.433333333333334,1,True,"[1, 2, 3, 14, 18]",5,True,"(0.0, 145.5209197998047, 255.7973175048828, 720.0)","(934.5187377929688, 0.12710846960544586, 1277.4376220703125, 714.9440307617188)",0.8,0.8445800708399879,0.0,nao_castor,heuristic,164.19744275028066,746.6610549837351,zona_3,0.0,sem_contato,proximidade,alta
314,10.466666666666667,1,True,"[1, 2, 3, 14, 18]",5,True,"(0.0, 145.5586700439453, 255.8013458251953, 720.0)","(933.6742553710938, 0.18382085859775543, 1276.98291015625, 714.88525390625)",0.8,0.8465379443433549,0.0,nao_castor,heuristic,164.11462134170893,747.1085121333599,zona_3,0.0,sem_contato,proximidade,alta
315,10.5,1,True,"[1, 2, 3, 14, 18]",5,True,"(0.0, 148.1407928466797, 257.2016906738281, 720.0)","(931.0018310546875, 0.06860516965389252, 1275.3421630859375, 714.93994140625)",0.8,0.847654316160414,0.0,nao_castor,heuristic,163.59603274772388,743.8586449623108,zona_3,0.0,sem_contato,proximidade,alta
316,10.533333333333333,1,True,"[1, 2, 3, 14, 18]",5,True,"(0.0, 148.36802673339844, 257.1729736328125, 720.0)","(927.9959106445312, 0.513828456401825, 1273.64599609375, 715.3861694335938)",0.8,0.8513305650817024,0.0,nao_castor,heuristic,163.20319449147635,739.403993844986,zona_3,0.0,sem_contato,proximidade,alta
317,10.566666666666666,1,True,"[1, 2, 3, 14, 18]",5,True,"(0.0, 149.4183807373047, 257.7109680175781, 720.0)","(925.3916015625, 0.27723637223243713, 1272.553955078125, 715.2525634765625)",0.8,0.8540105753474765,0.0,nao_castor,heuristic,162.82445678867708,738.2611025124788,zona_3,0.0,sem_contato,proximidade,alta
318,10.6,1,True,"[1, 2, 3, 14, 18]",5,True,"(0.05169677734375, 148.94683837890625, 254.26502990722656, 720.0)","(922.5847778320312, 0.24430976808071136, 1271.34814453125, 714.9467163085938)",0.8,0.8544254634115431,0.0,nao_castor,heuristic,162.8349792919134,736.9645069092512,zona_3,0.0,sem_contato,proximidade,alta
319,10.633333333333333,1,True,"[1, 2, 3, 14, 18]",5,True,"(0.2263997346162796, 148.8978729248047, 256.0509338378906, 720.0)","(919.95263671875, 0.08781615644693375, 1270.625732421875, 714.9735107421875)",0.8,0.8568855755858951,0.0,nao_castor,heuristic,162.34711426909092,732.4700111448765,zona_3,0.0,sem_contato,proximidade,alta
320,10.666666666666666,1,True,"[1, 2, 3, 14, 18]",5,True,"(0.2091878205537796, 148.56396484375, 255.269287109375, 720.0)","(918.4154663085938, 0.02836468815803528, 1270.42333984375, 713.9708251953125)",0.0,0.8561339378356934,0.0,indeterminado,none,162.483508829663,732.2476410865784,zona_3,0.0,sem_contato,proximidade,media
321,10.7,1,True,"[1, 2, 3, 14, 18]",5,True,"(0.2272745817899704, 148.5569610595703, 255.3072509765625, 720.0)","(917.3932495117188, 0.006125306710600853, 1270.84375, 713.5660400390625)",0.8,0.8567477828926511,0.0,nao_castor,heuristic,162.51574149581316,732.4793629944324,zona_3,0.0,sem_contato,proximidade,alta
322,10.733333333333333,1,True,"[1, 2, 3, 14, 18]",5,True,"(0.16156005859375, 148.8821563720703, 254.634033203125, 720.0)","(916.1426391601562, 0.0, 1271.248779296875, 713.7965698242188)",0.8,0.8542373908890618,0.0,nao_castor,heuristic,162.4526424930683,734.4999977946281,zona_3,0.0,sem_contato,proximidade,alta
323,10.766666666666667,1,True,"[1, 2, 3, 14, 18]",5,True,"(856.1994018554688, 632.649658203125, 1052.2958984375, 720.0)","(913.8828735351562, 0.0, 1270.8773193359375, 714.136962890625)",0.8,0.8535790708329942,0.0,nao_castor,heuristic,23.231983650548464,283.8505301475525,zona_1,0.0,sem_contato,proximidade,alta
324,10.8,1,True,"[1, 2, 3, 14, 18]",5,True,"(856.80322265625, 632.525390625, 1051.5303955078125, 720.0)","(912.0584106445312, 0.0, 1270.9949951171875, 714.7615356445312)",0.0,0.8494744102160136,0.0,indeterminado,none,23.07786411058865,232.5357985496521,zona_1,0.0,sem_contato,proximidade,media
325,10.833333333333334,1,True,"[1, 2, 3, 14, 18]",5,True,"(856.45751953125, 633.08984375, 1052.5264892578125, 720.0)","(910.2788696289062, 0.0, 1271.0181884765625, 715.0914306640625)",0.0,0.8454175790150961,0.0,indeterminado,none,22.863365885383853,245.4937899708748,zona_1,0.0,sem_contato,proximidade,media
326,10.866666666666667,1,True,"[1, 2, 3, 14, 18]",5,True,"(0.3390706479549408, 149.62530517578125, 253.9441680908203, 720.0)","(908.71533203125, 0.29252880811691284, 1270.8587646484375, 714.8071899414062)",0.8,0.8368219468328688,0.0,nao_castor,heuristic,161.67496406490505,747.1564826369286,zona_3,0.0,sem_contato,proximidade,alta
327,10.9,1,True,"[1, 2, 3, 14, 18]",5,True,"(854.4627075195312, 632.8709106445312, 1051.58544921875, 720.0)","(907.5393676757812, 0.34953758120536804, 1271.1064453125, 714.5050048828125)",0.0,0.8322791622744666,0.0,indeterminado,none,22.920984060670644,138.51388084888458,zona_1,0.0,sem_contato,proximidade,media
328,10.933333333333334,1,True,"[1, 2, 3, 14, 18]",5,True,"(854.90380859375, 632.5320434570312, 1052.5040283203125, 720.0)","(905.9191284179688, 0.46767187118530273, 1271.03466796875, 714.3932495117188)",0.8,0.8327649368180169,0.0,nao_castor,heuristic,22.67287650161834,130.68715369701385,zona_1,0.0,sem_contato,proximidade,alta
329,10.966666666666667,1,True,"[1, 2, 3, 14, 18]",5,True,"(855.3361206054688, 632.8690795898438, 1053.6387939453125, 720.0)","(904.2405395507812, 0.3109230101108551, 1270.989013671875, 714.1619873046875)",0.8,0.8331538273228539,0.0,nao_castor,heuristic,22.40051539152177,122.65802371501923,zona_1,0.0,sem_contato,proximidade,alta
330,11.0,1,True,"[1, 2, 3, 14, 18]",5,True,"(0.0757039412856102, 149.493408203125, 258.62359619140625, 720.0)","(902.4664916992188, 0.11126293241977692, 1270.9359130859375, 714.0341186523438)",0.8,0.8299499319659339,0.0,nao_castor,heuristic,160.91993129886643,697.1791064739227,zona_3,0.0,sem_contato,proximidade,alta
331,11.033333333333333,1,True,"[1, 2, 3, 14, 18]",5,True,"(0.0533243827521801, 149.3468475341797, 258.54742431640625, 720.0)","(901.395751953125, 0.035458121448755264, 1271.4013671875, 713.9874267578125)",0.8,0.8264218966166178,0.0,nao_castor,heuristic,160.87083380928178,708.345894485712,zona_3,0.0,sem_contato,proximidade,alta
332,11.066666666666666,1,True,"[1, 2, 3, 14, 18]",5,True,"(0.090576171875, 148.9956817626953, 258.8709411621094, 720.0)","(900.15283203125, 0.007166034076362848, 1271.63037109375, 713.8929443359375)",0.8,0.8247791760497623,0.0,nao_castor,heuristic,160.77031419835015,724.5517807304859,zona_3,0.0,sem_contato,proximidade,alta
333,11.1,1,True,"[1, 2, 3, 14, 18]",5,True,"(0.3112996518611908, 148.7501678466797, 258.85614013671875, 720.0)","(899.6682739257812, 0.0, 1272.4647216796875, 714.011962890625)",0.8,0.8228076497713724,0.0,nao_castor,heuristic,160.7538648791183,723.4006755501032,zona_3,0.0,sem_contato,proximidade,alta
334,11.133333333333333,1,True,"[1, 2, 3, 14, 18]",5,True,"(0.1415812224149704, 148.7899627685547, 260.4322204589844, 720.0)","(899.853271484375, 0.0, 1273.7322998046875, 714.2908935546875)",0.8,0.8226519127686819,0.0,nao_castor,heuristic,160.69468581231467,728.1568692922592,zona_3,0.0,sem_contato,proximidade,alta
335,11.166666666666666,1,True,"[1, 2, 3, 14]",4,True,"(0.1996256560087204, 149.5162811279297, 260.35791015625, 720.0)","(900.697021484375, 0.0, 1275.292724609375, 714.5416259765625)",0.8,0.821823259194692,0.0,nao_castor,heuristic,160.84129318671987,727.466263115406,zona_3,0.0,sem_contato,proximidade,alta
336,11.2,1,True,"[1, 2, 3, 14, 18]",5,True,"(0.3841756284236908, 149.6482696533203, 259.8608703613281, 720.0)","(900.1209106445312, 0.0, 1275.4539794921875, 714.550048828125)",0.8,0.8211251927746667,0.0,nao_castor,heuristic,160.83079375841083,730.0114991813898,zona_3,0.0,sem_contato,proximidade,alta
337,11.233333333333333,1,True,"[1, 2, 3, 14, 18]",5,True,"(852.6890258789062, 633.5482788085938, 1055.7318115234375, 720.0)","(900.9326171875, 0.0, 1276.572265625, 714.4251098632812)",0.8,0.8221704231368171,0.0,nao_castor,heuristic,22.618041616040564,85.37042021751404,zona_1,0.0,sem_contato,proximidade,alta
338,11.266666666666667,1,True,"[1, 2, 3, 14, 18]",5,True,"(0.306640625, 149.87005615234375, 258.8326110839844, 720.0)","(901.74609375, 0.0, 1277.7130126953125, 714.8004760742188)",0.8,0.82444386349784,0.0,nao_castor,heuristic,161.19306650959246,711.9980628490448,zona_3,0.0,sem_contato,proximidade,alta
339,11.3,1,True,"[1, 2, 3, 14, 18]",5,True,"(735.7581176757812, 76.52520751953125, 1280.0, 720.0)","(900.338623046875, 0.0, 1276.6751708984375, 714.3255615234375)",0.8,0.8242254654566447,0.0,nao_castor,heuristic,13.578223840436006,0.0,zona_1,1.0,toque_provavel,proximidade,alta
340,11.333333333333334,1,True,"[1, 2, 3, 14, 18, 20]",6,True,"(736.0916137695312, 76.3841323852539, 1280.0, 720.0)","(899.645263671875, 0.0, 1276.44873046875, 714.1463012695312)",0.8,0.8214047021336026,0.0,nao_castor,heuristic,13.478761227204709,0.0,zona_1,1.0,toque_provavel,proximidade,alta
341,11.366666666666667,1,True,"[1, 2, 3, 14, 18]",5,True,"(824.9148559570312, 625.4058227539062, 1096.8192138671875, 720.0)","(897.841552734375, 0.0, 1275.507080078125, 714.1544189453125)",0.8,0.821503715382682,0.0,nao_castor,heuristic,21.162316350582312,113.21110916137695,zona_1,0.0,sem_contato,proximidade,alta
342,11.4,1,True,"[1, 2, 3, 14, 18]",5,True,"(829.0322265625, 625.5039672851562, 1098.7529296875, 720.0)","(897.7297973632812, 0.0, 1276.208984375, 714.7304077148438)",0.8,0.8202245434125265,0.0,nao_castor,heuristic,20.682971337799156,113.36926007270813,zona_1,0.0,sem_contato,proximidade,alta
343,11.433333333333334,1,True,"[1, 2, 3, 14, 18]",5,True,"(829.0166015625, 625.38916015625, 1098.654296875, 720.0)","(898.8900146484375, 0.0, 1277.5692138671875, 714.8485107421875)",0.8,0.8197195463710361,0.0,nao_castor,heuristic,20.899665172706655,93.23632454872131,zona_1,0.0,sem_contato,proximidade,alta
344,11.466666666666667,1,True,"[1, 2, 3, 14, 18]",5,True,"(840.2156372070312, 625.08642578125, 1091.3846435546875, 720.0)","(900.2083129882812, 0.0, 1278.9345703125, 715.198974609375)",0.8,0.8206035627259148,0.0,nao_castor,heuristic,20.782644046037547,90.17716670036316,zona_1,0.0,sem_contato,proximidade,alta
345,11.5,1,True,"[1, 2, 3, 14, 18]",5,True,"(844.4607543945312, 624.9921875, 1089.8856201171875, 720.0)","(901.1461791992188, 0.0, 1279.4393310546875, 714.6497192382812)",0.8,0.8182458778222402,0.0,nao_castor,heuristic,20.69306300203022,92.52736127376556,zona_1,0.0,sem_contato,proximidade,alta
346,11.533333333333333,1,True,"[1, 2, 3, 14, 18]",5,True,"(854.9465942382812, 632.7012329101562, 1055.4058837890625, 720.0)","(901.7488403320312, 0.0, 1279.971435546875, 714.9974975585938)",0.8,0.8166139158937666,0.0,nao_castor,heuristic,22.787674564196283,101.36512243747711,zona_1,0.0,sem_contato,proximidade,alta
347,11.566666666666666,1,True,"[1, 2, 3, 14, 18]",5,True,"(854.94677734375, 632.7006225585938, 1055.4005126953125, 720.0)","(902.03076171875, 0.0, 1280.0, 715.1778564453125)",0.8,0.8150655395454831,0.0,nao_castor,heuristic,22.80729972125205,103.50886064767838,zona_1,0.0,sem_contato,proximidade,alta
348,11.6,1,True,"[1, 2, 3, 14, 18]",5,True,"(854.1417846679688, 632.8670043945312, 1055.1405029296875, 720.0)","(903.2952270507812, 0.0, 1280.0, 715.0696411132812)",0.8,0.8143277797434065,0.0,nao_castor,heuristic,23.006735995834312,96.69537764787674,zona_1,0.0,sem_contato,proximidade,alta
349,11.633333333333333,1,True,"[1, 2, 3, 14, 18]",5,True,"(853.2869262695312, 633.2387084960938, 1055.6973876953125, 720.0)","(902.3876953125, 0.0, 1279.8514404296875, 714.955322265625)",0.8,0.8136573731899261,0.0,nao_castor,heuristic,22.947533687284913,179.03633105754852,zona_1,0.0,sem_contato,proximidade,alta
350,11.666666666666666,1,True,"[1, 2, 3, 14, 18]",5,True,"(853.2841186523438, 633.2401733398438, 1055.7052001953125, 720.0)","(902.0490112304688, 0.0, 1279.4532470703125, 714.9141845703125)",0.8,0.814422693517473,0.0,nao_castor,heuristic,22.886889832879934,230.95927381515503,zona_1,0.0,sem_contato,proximidade,alta
351,11.7,1,True,"[1, 2, 3, 14, 18]",5,True,"(1.223876953125, 144.91651916503906, 248.11061096191406, 720.0)","(903.93994140625, 0.0, 1280.0, 715.1660766601562)",0.8,0.8137235442797343,0.0,nao_castor,heuristic,162.30884040646873,750.4046833515167,zona_3,0.0,sem_contato,proximidade,alta
352,11.733333333333333,1,True,"[1, 2, 3, 14, 18]",5,True,"(348.28515625, 102.28353118896484, 812.35546875, 720.0)","(906.9844970703125, 0.0, 1280.0, 715.3461303710938)",0.8,0.8139146351151996,0.0,nao_castor,heuristic,86.08862474683889,182.99815472960472,zona_2,0.0,sem_contato,proximidade,alta
353,11.766666666666667,1,True,"[1, 2, 3, 14, 18]",5,True,"(345.3334045410156, 110.5456314086914, 814.944580078125, 720.0)","(907.3361206054688, 0.0, 1280.0, 715.0948486328125)",0.8,0.8151904973718855,0.0,nao_castor,heuristic,86.17919624000433,181.57635724544525,zona_2,0.0,sem_contato,proximidade,alta
354,11.8,1,True,"[1, 2, 3, 14, 18]",5,True,"(0.0406087227165699, 150.0149688720703, 257.1116027832031, 720.0)","(907.450927734375, 0.0, 1280.0, 715.3244018554688)",0.8,0.8156771312157313,0.0,nao_castor,heuristic,161.9115490841391,724.1103063225746,zona_3,0.0,sem_contato,proximidade,alta
355,11.833333333333334,1,True,"[1, 2, 14, 18, 20]",5,True,"(349.9059143066406, 185.17816162109375, 816.9723510742188, 719.3262329101562)","(907.9161376953125, 0.0, 1280.0, 715.1321411132812)",0.8,0.813480383820004,0.0,nao_castor,heuristic,85.66855849124926,153.75541917979717,zona_2,0.0,sem_contato,proximidade,alta
356,11.866666666666667,1,True,"[1, 2, 14, 18, 3]",5,True,"(371.2320251464844, 69.48162841796875, 846.4866333007812, 720.0)","(908.8648681640625, 0.09946931898593903, 1280.0, 715.5541381835938)",0.8,0.8170585781335831,0.0,nao_castor,heuristic,81.44641082282963,130.73911553621292,zona_2,0.0,sem_contato,proximidade,alta
357,11.9,1,True,"[1, 2, 14, 18, 3]",5,True,"(370.5428161621094, 69.00887298583984, 845.99951171875, 719.9940795898438)","(909.3943481445312, 0.14364391565322876, 1280.0, 715.7183227539062)",0.8,0.8172704660230212,0.0,nao_castor,heuristic,81.5755196079177,131.67589573562145,zona_2,0.0,sem_contato,proximidade,alta
358,11.933333333333334,1,True,"[1, 2, 14, 18, 3]",5,True,"(373.8793029785156, 41.97300338745117, 827.655029296875, 719.6799926757812)","(911.9567260742188, 0.05344258248806, 1280.0, 716.0196533203125)",0.8,0.8138499044709735,0.0,nao_castor,heuristic,83.00247418396658,165.2786645591259,zona_2,0.0,sem_contato,proximidade,alta
359,11.966666666666667,1,True,"[1, 2, 14, 18, 3]",5,True,"(373.7728576660156, 52.80607223510742, 833.5197143554688, 719.6832885742188)","(914.5138549804688, 0.01895737648010254, 1280.0, 715.7379150390625)",0.8,0.8120962662829293,0.0,nao_castor,heuristic,82.76316899024415,168.5889827311039,zona_2,0.0,sem_contato,proximidade,alta
360,12.0,1,True,"[1, 2, 14, 18, 3]",5,True,"(369.354248046875, 62.34130859375, 848.2500610351562, 719.3847045898438)","(915.8998413085938, 0.005872172769159079, 1280.0, 716.0452270507812)",0.8,0.8100540373060439,0.0,nao_castor,heuristic,81.9774771616749,153.40508171916008,zona_2,0.0,sem_contato,proximidade,alta
361,12.033333333333333,1,True,"[1, 2, 14, 18, 3]",5,True,"(0.1120808944106102, 148.8517303466797, 260.1758117675781, 720.0)","(917.5656127929688, 0.0010070567950606346, 1280.0, 715.7533569335938)",0.8,0.8078923722108206,0.0,nao_castor,heuristic,162.39943926662252,739.6875862926245,zona_3,0.0,sem_contato,proximidade,alta
362,12.066666666666666,1,True,"[1, 2, 14, 18, 3]",5,True,"(0.01668294332921505, 149.2379608154297, 260.5123291015625, 720.0)","(918.2261352539062, 0.0, 1280.0, 715.6907348632812)",0.8,0.804947617981169,0.0,nao_castor,heuristic,162.4486272265401,735.3881908357143,zona_3,0.0,sem_contato,proximidade,alta
363,12.1,1,True,"[1, 2, 14, 18, 3]",5,True,"(0.02081298828125, 149.2850799560547, 260.0186462402344, 720.0)","(919.2451782226562, 0.07501964271068573, 1280.0, 715.4026489257812)",0.8,0.8015407075484594,0.0,nao_castor,heuristic,162.65784552929634,734.1185707002878,zona_3,0.0,sem_contato,proximidade,alta
364,12.133333333333333,1,True,"[1, 2, 14, 18, 3]",5,True,"(0.1366780549287796, 148.95147705078125, 258.2882995605469, 720.0)","(919.8521118164062, 0.0309600830078125, 1280.0, 715.23486328125)",0.8,0.7999005268017451,0.0,nao_castor,heuristic,162.87247737006945,724.5282423496246,zona_3,0.0,sem_contato,proximidade,alta
365,12.166666666666666,1,True,"[1, 2, 14, 18, 20]",5,True,"(1.1958414316177368, 144.46563720703125, 246.94236755371094, 719.822265625)","(921.0543823242188, 0.6939390301704407, 1280.0, 714.8720703125)",0.0,0.7974639816416634,0.0,indeterminado,none,164.07177841424132,738.8994206339121,zona_3,0.0,sem_contato,proximidade,media
366,12.2,1,True,"[1, 2, 14, 18, 20]",5,True,"(1.1971639394760132, 145.2594451904297, 249.28550720214844, 720.0)","(921.837646484375, 0.9571448564529419, 1280.0, 714.9255981445312)",0.0,0.7961141053173277,0.0,indeterminado,none,163.98887297932865,737.7039556354284,zona_3,0.0,sem_contato,proximidade,media
367,12.233333333333333,1,True,"[1, 2, 14, 18, 20]",5,True,"(1.19842529296875, 145.25872802734375, 249.28851318359375, 720.0)","(922.353271484375, 1.068420171737671, 1280.0, 714.942626953125)",0.0,0.7956948694255617,0.0,indeterminado,none,164.05348634675084,739.0124433934689,zona_3,0.0,sem_contato,proximidade,media
368,12.266666666666667,1,True,"[1, 2, 14, 18, 20]",5,True,"(1.1505533456802368, 145.3628692626953, 249.3528594970703, 718.9436645507812)","(922.7559814453125, 1.2097378969192505, 1280.0, 714.8824462890625)",0.8,0.7954480383131239,0.0,nao_castor,heuristic,164.13149409731324,739.3883522450924,zona_3,0.0,sem_contato,proximidade,alta
369,12.3,1,True,"[1, 2, 14, 18, 20]",5,True,"(1.1598917245864868, 145.63525390625, 247.5467987060547, 717.9109497070312)","(923.2821655273438, 1.2867674827575684, 1280.0, 714.9905395507812)",0.8,0.7932704306311078,0.0,nao_castor,heuristic,164.31894676015088,742.6927706450224,zona_3,0.0,sem_contato,proximidade,alta
370,12.333333333333334,1,True,"[1, 2, 14, 18, 20]",5,True,"(357.2808532714844, 55.87215042114258, 852.61083984375, 720.0)","(924.1614990234375, 0.9116736650466919, 1280.0, 715.1685791015625)",0.8,0.7920950932635201,0.0,nao_castor,heuristic,83.52597656763277,139.81937491893768,zona_2,0.0,sem_contato,proximidade,alta
371,12.366666666666667,1,True,"[1, 2, 14, 18, 20]",5,True,"(358.7347106933594, 87.1059799194336, 854.4198608398438, 720.0)","(922.7704467773438, 0.32497352361679077, 1280.0, 715.5069580078125)",0.8,0.7899304876724879,0.0,nao_castor,heuristic,83.02698007359153,143.65629357099533,zona_2,0.0,sem_contato,proximidade,alta
372,12.4,1,True,"[1, 2, 14, 18, 20]",5,True,"(0.0, 149.3372344970703, 257.1015930175781, 720.0)","(922.370361328125, 0.2934451401233673, 1280.0, 715.8712158203125)",0.8,0.7906416869825788,0.0,nao_castor,heuristic,163.10900431109923,740.6813175678253,zona_3,0.0,sem_contato,proximidade,alta
373,12.433333333333334,1,True,"[1, 2, 14, 18, 20]",5,True,"(1.1181436777114868, 145.7969512939453, 248.67909240722656, 718.5414428710938)","(921.4051513671875, 0.3169572651386261, 1279.9888916015625, 716.2714233398438)",0.8,0.7920812120040258,0.0,nao_castor,heuristic,163.55247548371102,747.8566280901432,zona_3,0.0,sem_contato,proximidade,alta
374,12.466666666666667,1,True,"[1, 2, 14, 18, 20]",5,True,"(0.0, 149.4476776123047, 256.9030456542969, 720.0)","(921.7870483398438, 0.2765752673149109, 1279.992431640625, 715.9570922851562)",0.8,0.7933098955286874,0.0,nao_castor,heuristic,163.05263561421202,739.7774723172188,zona_3,0.0,sem_contato,proximidade,alta
375,12.5,1,True,"[1, 2, 14, 18, 20]",5,True,"(0.01759847067296505, 148.3077850341797, 258.8068542480469, 720.0)","(922.5610961914062, 0.7164663076400757, 1280.0, 716.00390625)",0.8,0.793051208058993,0.0,nao_castor,heuristic,163.04659910343005,741.9390406012535,zona_3,0.0,sem_contato,proximidade,alta
376,12.533333333333333,1,True,"[1, 2, 14, 18, 20]",5,True,"(0.01841227151453495, 148.3131561279297, 258.7845153808594, 720.0)","(922.9262084960938, 0.8757140040397644, 1280.0, 716.0062255859375)",0.8,0.7912363857030869,0.0,nao_castor,heuristic,163.1148153759419,743.7081460356712,zona_3,0.0,sem_contato,proximidade,alta
377,12.566666666666666,1,True,"[1, 2, 14, 18, 20]",5,True,"(0.0, 149.1033477783203, 258.3708801269531, 720.0)","(923.4150390625, 0.9290069341659546, 1280.0, 715.4027099609375)",0.8,0.7920607758892907,0.0,nao_castor,heuristic,163.34254566456826,750.3261197656393,zona_3,0.0,sem_contato,proximidade,alta
378,12.6,1,True,"[1, 2, 14, 18, 20]",5,True,"(0.0457560233771801, 149.8228302001953, 256.53485107421875, 720.0)","(923.0341186523438, 1.1366695165634155, 1279.540283203125, 715.314208984375)",0.8,0.7914879686302609,0.0,nao_castor,heuristic,163.4901340134268,745.6145560741425,zona_3,0.0,sem_contato,proximidade,alta
379,12.633333333333333,1,True,"[1, 2, 14, 18, 20]",5,True,"(369.097412109375, 278.702392578125, 848.7344360351562, 720.0)","(922.0706787109375, 1.168768048286438, 1278.8447265625, 715.6643676757812)",0.8,0.7919570621516969,0.0,nao_castor,heuristic,82.55797230135421,148.1088843345642,zona_2,0.0,sem_contato,proximidade,alta
380,12.666666666666666,1,True,"[1, 2, 14, 18, 20]",5,True,"(0.1368204802274704, 149.1470489501953, 258.2771301269531, 720.0)","(921.0322875976562, 0.7689064741134644, 1278.388427734375, 716.090576171875)",0.8,0.7924039463202158,0.0,nao_castor,heuristic,162.80976195717005,737.4519270211458,zona_3,0.0,sem_contato,proximidade,alta
381,12.7,1,True,"[1, 2, 14, 18, 20]",5,True,"(1.1168619394302368, 145.5074005126953, 249.95960998535156, 719.4203491210938)","(920.5028686523438, 0.4786868989467621, 1278.150634765625, 716.0339965820312)",0.8,0.7923268841372596,0.0,nao_castor,heuristic,163.30719214743553,747.410087376833,zona_3,0.0,sem_contato,proximidade,alta
382,12.733333333333333,1,True,"[1, 2, 14, 18, 20]",5,True,"(0.1352946013212204, 149.3693084716797, 258.0790710449219, 720.0)","(919.3417358398438, 0.15419025719165802, 1277.487060546875, 715.9575805664062)",0.0,0.7908692641390694,0.0,indeterminado,none,162.4997575176387,747.0868741571903,zona_3,0.0,sem_contato,proximidade,media
383,12.766666666666667,1,True,"[1, 2, 14, 18, 20]",5,True,"(0.12939453125, 149.3611602783203, 258.0725402832031, 720.0)","(918.8434448242188, 0.0328640341758728, 1277.35791015625, 715.9072875976562)",0.8,0.790977367096477,0.0,nao_castor,heuristic,162.43212293684027,752.9872485995293,zona_3,0.0,sem_contato,proximidade,alta
384,12.8,1,True,"[1, 2, 14, 18, 20]",5,True,"(0.0996500626206398, 149.2369842529297, 257.9557189941406, 720.0)","(918.2591552734375, 0.0, 1277.3968505859375, 716.5189208984375)",0.8,0.7884038305944867,0.0,nao_castor,heuristic,162.25222433722294,747.787222519517,zona_3,0.0,sem_contato,proximidade,alta
385,12.833333333333334,1,True,"[1, 2, 14, 18, 20]",5,True,"(0.1512654572725296, 148.8350372314453, 256.5403747558594, 720.0)","(917.3240356445312, 0.20881235599517822, 1276.845947265625, 716.5262451171875)",0.8,0.7907462981012132,0.0,nao_castor,heuristic,162.2876152734083,748.3515561521053,zona_3,0.0,sem_contato,proximidade,alta
386,12.866666666666667,1,True,"[1, 2, 14, 18, 20]",5,True,"(0.1509196013212204, 148.831298828125, 256.4843444824219, 720.0)","(916.8567504882812, 0.2940552234649658, 1276.7779541015625, 716.5239868164062)",0.8,0.7899690783686109,0.0,nao_castor,heuristic,162.26732483621322,752.4916200637817,zona_3,0.0,sem_contato,proximidade,alta
387,12.9,1,True,"[1, 2, 14, 18, 20]",5,True,"(0.0, 148.329833984375, 257.6038818359375, 720.0)","(916.0324096679688, 0.09353628754615784, 1276.6043701171875, 716.6083984375)",0.8,0.7887790236208174,0.0,nao_castor,heuristic,162.03807256166547,750.8372073173523,zona_3,0.0,sem_contato,proximidade,alta
388,12.933333333333334,1,True,"[1, 2, 14, 18, 20]",5,True,"(0.0, 148.461669921875, 257.3948669433594, 720.0)","(914.7201538085938, 0.018715493381023407, 1276.1767578125, 717.0264282226562)",0.8,0.7878462390767204,0.0,nao_castor,heuristic,161.7983591999206,751.7597302794456,zona_3,0.0,sem_contato,proximidade,alta
389,12.966666666666667,1,True,"[1, 2, 14, 18, 20]",5,True,"(0.0061442055739462376, 148.1875, 258.1477355957031, 720.0)","(914.3509521484375, 0.0, 1276.3326416015625, 716.9818725585938)",0.8,0.787552030550109,0.0,nao_castor,heuristic,161.7228453055127,754.899762570858,zona_3,0.0,sem_contato,proximidade,alta
390,13.0,1,True,"[1, 2, 14, 18, 20]",5,True,"(0.0, 148.5679473876953, 257.305419921875, 720.0)","(914.1947631835938, 0.0, 1276.5557861328125, 716.77587890625)",0.8,0.787078963385688,0.0,nao_castor,heuristic,161.8460614296992,758.0494560003281,zona_3,0.0,sem_contato,proximidade,alta
391,13.033333333333333,1,True,"[1, 2, 14, 18, 20]",5,True,"(0.083740234375, 149.191162109375, 256.3594665527344, 720.0)","(914.7084350585938, 0.0, 1277.2740478515625, 716.65087890625)",0.8,0.78732587562667,0.0,nao_castor,heuristic,162.04968889815083,758.317288339138,zona_3,0.0,sem_contato,proximidade,alta
392,13.066666666666666,1,True,"[1, 2, 14, 18, 20]",5,True,"(0.3769938051700592, 148.41453552246094, 255.9474334716797, 720.0)","(914.1026000976562, 0.0, 1277.1063232421875, 716.682373046875)",0.8,0.7873984906408522,0.0,nao_castor,heuristic,161.98773229460414,759.7041316628456,zona_3,0.0,sem_contato,proximidade,alta
393,13.1,1,True,"[1, 2, 14, 18, 20]",5,True,"(0.359619140625, 148.1588592529297, 256.1246337890625, 720.0)","(913.7888793945312, 0.0, 1277.1903076171875, 716.736328125)",0.8,0.7877024097575082,0.0,nao_castor,heuristic,161.94289618420953,761.325835943222,zona_3,0.0,sem_contato,proximidade,alta
394,13.133333333333333,1,True,"[1, 2, 14, 18, 20]",5,True,"(0.1380208283662796, 147.987548828125, 257.857177734375, 720.0)","(913.595947265625, 0.0, 1277.2646484375, 716.5880737304688)",0.8,0.7875865697860718,0.0,nao_castor,heuristic,161.8400456445467,760.9752244949341,zona_3,0.0,sem_contato,proximidade,alta
395,13.166666666666666,1,True,"[1, 2, 14, 3]",4,True,"(0.0940755233168602, 148.204833984375, 259.7579345703125, 720.0)","(912.7683715820312, 0.0, 1276.7392578125, 716.1463623046875)",0.8,0.7868017984761132,0.0,nao_castor,heuristic,161.6712263889291,758.9599936008453,zona_3,0.0,sem_contato,proximidade,alta
396,13.2,1,True,"[1, 2, 14, 3]",4,True,"(0.31982421875, 148.4365997314453, 258.2455139160156, 720.0)","(912.9693603515625, 0.0, 1277.1322021484375, 715.8787231445312)",0.8,0.7811176114612155,0.0,nao_castor,heuristic,161.88947223561073,757.7644624710083,zona_3,0.0,sem_contato,proximidade,alta
397,13.233333333333333,1,True,"[1, 2, 14, 3]",4,True,"(0.40484619140625, 148.93836975097656, 258.2229919433594, 720.0)","(912.5474853515625, 0.0, 1277.1519775390625, 716.0269165039062)",0.8,0.7809450709157519,0.0,nao_castor,heuristic,161.81693137661352,758.060627579689,zona_3,0.0,sem_contato,proximidade,alta
398,13.266666666666667,1,True,"[1, 2, 14, 3, 18]",5,True,"(0.6208088994026184, 148.84130859375, 256.3023376464844, 720.0)","(912.5891723632812, 0.0, 1277.427490234375, 715.9343872070312)",0.8,0.7803509732087454,0.0,nao_castor,heuristic,162.0073558543965,758.2483863532543,zona_3,0.0,sem_contato,proximidade,alta
399,13.3,1,True,"[1, 2, 14, 3, 18]",5,True,"(0.7347412109375, 149.1262969970703, 258.4858093261719, 720.0)","(912.6774291992188, 0.0, 1277.7274169921875, 715.9600219726562)",0.8,0.7824263009760115,0.0,nao_castor,heuristic,161.84153913608785,754.7275594472885,zona_3,0.0,sem_contato,proximidade,alta
400,13.333333333333334,1,True,"[1, 2, 14, 3, 18]",5,True,"(1.0868123769760132, 145.54656982421875, 252.07757568359375, 720.0)","(912.8543701171875, 0.12057510018348694, 1278.0313720703125, 716.069091796875)",0.8,0.7787713772720761,0.0,nao_castor,heuristic,162.39189753519392,758.6524837613106,zona_3,0.0,sem_contato,proximidade,alta
401,13.366666666666667,1,True,"[1, 2, 14, 3, 18]",5,True,"(1.10101318359375, 145.758544921875, 248.66754150390625, 720.0)","(912.9515380859375, 0.04198422282934189, 1278.348388671875, 716.2754516601562)",0.8,0.7767018891043134,0.0,nao_castor,heuristic,162.6463227682274,762.9274291396141,zona_3,0.0,sem_contato,proximidade,alta
402,13.4,1,True,"[1, 2, 14, 3, 18]",5,True,"(1.0770263671875, 145.4666290283203, 246.8014678955078, 719.4868774414062)","(912.9653930664062, 0.012276419438421726, 1278.560302734375, 716.5402221679688)",0.8,0.7771029952499602,0.0,nao_castor,heuristic,162.75620351474097,765.5222755670547,zona_3,0.0,sem_contato,proximidade,alta
403,13.433333333333334,1,True,"[1, 2, 14, 3, 18]",5,True,"(1.07830810546875, 145.461181640625, 246.78245544433594, 719.4061889648438)","(912.967529296875, 0.001304249046370387, 1278.6585693359375, 716.6351928710938)",0.8,0.777742099430826,0.0,nao_castor,heuristic,162.74194674493097,765.9899960160255,zona_3,0.0,sem_contato,proximidade,alta
404,13.466666666666667,1,True,"[1, 2, 14, 3, 18]",5,True,"(1.0552164316177368, 145.7266387939453, 251.32666015625, 720.0)","(913.1890258789062, 0.0, 1278.781494140625, 716.410400390625)",0.8,0.7769994752274619,0.0,nao_castor,heuristic,162.44336449191715,763.9940517544746,zona_3,0.0,sem_contato,proximidade,alta
405,13.5,1,True,"[1, 2, 14, 3, 18]",5,True,"(0.6060994267463684, 149.4700469970703, 257.1014709472656, 720.0)","(913.0238647460938, 0.0, 1278.642822265625, 716.2894897460938)",0.8,0.774807506137424,0.0,nao_castor,heuristic,161.99930745626088,749.5051168501377,zona_3,0.0,sem_contato,proximidade,alta
406,13.533333333333333,1,True,"[1, 2, 14, 3, 18]",5,True,"(0.4800211489200592, 149.5681915283203, 255.9534454345703, 720.0)","(912.8425903320312, 0.0, 1278.4434814453125, 715.97412109375)",0.8,0.7741041398710675,0.0,nao_castor,heuristic,162.14575093195285,748.929164648056,zona_3,0.0,sem_contato,proximidade,alta
407,13.566666666666666,1,True,"[1, 2, 14, 3]",4,True,"(0.5888875126838684, 149.0150604248047, 256.5728454589844, 720.0)","(913.1771240234375, 0.09246662259101868, 1278.47265625, 715.2796630859375)",0.8,0.7736533333857855,0.0,nao_castor,heuristic,162.29410365983782,733.4936758130789,zona_3,0.0,sem_contato,proximidade,alta
408,13.6,1,True,"[1, 2, 14, 3]",4,True,"(0.6850993037223816, 150.1970977783203, 254.4210662841797, 720.0)","(913.58056640625, 0.03293657302856445, 1278.92041015625, 715.3651123046875)",0.8,0.7704616602924135,0.0,nao_castor,heuristic,162.50494969509614,731.806733250618,zona_3,0.0,sem_contato,proximidade,alta
409,13.633333333333333,1,True,"[1, 2, 14, 3]",4,True,"(0.578125, 149.349609375, 257.8673400878906, 720.0)","(913.3457641601562, 0.01036966871470213, 1278.853759765625, 715.5499267578125)",0.8,0.7698230610953437,0.0,nao_castor,heuristic,162.15242227766922,730.4688637107611,zona_3,0.0,sem_contato,proximidade,alta
410,13.666666666666666,1,True,"[1, 2, 14, 3, 18]",5,True,"(0.3213094174861908, 149.12603759765625, 256.8833312988281, 720.0)","(912.4219970703125, 0.0019616843201220036, 1278.264404296875, 715.7221069335938)",0.8,0.7705333564016554,0.0,nao_castor,heuristic,162.088551232364,742.1138598918915,zona_3,0.0,sem_contato,proximidade,alta
411,13.7,1,True,"[1, 2, 14, 3, 18]",5,True,"(0.092529296875, 149.4449005126953, 257.2247619628906, 720.0)","(912.0069580078125, 0.0, 1277.984130859375, 715.5032348632812)",0.8,0.7725471158822378,0.0,nao_castor,heuristic,162.0701035548117,747.5971305370331,zona_3,0.0,sem_contato,proximidade,alta
412,13.733333333333333,1,True,"[1, 2, 14, 3, 18]",5,True,"(0.0864461287856102, 149.4259490966797, 257.1645812988281, 720.0)","(911.7852172851562, 0.0, 1277.9451904296875, 715.4252319335938)",0.8,0.7753166423903571,0.0,nao_castor,heuristic,162.07153063517075,749.3174962997437,zona_3,0.0,sem_contato,proximidade,alta
413,13.766666666666667,1,True,"[1, 2, 14, 3, 18]",5,True,"(0.5716145634651184, 147.55419921875, 248.59657287597656, 720.0)","(910.9609375, 0.0, 1277.4931640625, 715.4219970703125)",0.8,0.77809306482474,0.0,nao_castor,heuristic,162.64310039667885,758.1610631048679,zona_3,0.0,sem_contato,proximidade,alta
414,13.8,1,True,"[1, 2, 14, 3, 18]",5,True,"(1.09832763671875, 144.72021484375, 246.64308166503906, 718.3815307617188)","(910.276611328125, 0.0, 1277.24560546875, 715.5004272460938)",0.8,0.7798870156208674,0.0,nao_castor,heuristic,162.66567778788726,761.8344140052795,zona_3,0.0,sem_contato,proximidade,alta
415,13.833333333333334,1,True,"[1, 2, 14, 3, 18]",5,True,"(1.1311441659927368, 144.5647735595703, 252.65940856933594, 718.8494262695312)","(910.1112060546875, 0.0, 1277.4383544921875, 715.6220703125)",0.8,0.7826379355457094,0.0,nao_castor,heuristic,162.1333265664757,756.5768619179726,zona_3,0.0,sem_contato,proximidade,alta
416,13.866666666666667,1,True,"[1, 2, 14, 3, 18]",5,True,"(1.1558837890625, 145.1300506591797, 249.6017303466797, 719.13623046875)","(909.1952514648438, 0.0, 1276.951904296875, 715.5121459960938)",0.8,0.7842741757631302,0.0,nao_castor,heuristic,162.2952000067072,759.0580164194107,zona_3,0.0,sem_contato,proximidade,alta
417,13.9,1,True,"[1, 2, 14, 3, 18]",5,True,"(1.1501058340072632, 144.85498046875, 247.2251434326172, 718.610595703125)","(907.987060546875, 0.016063591465353966, 1276.44384765625, 715.7640991210938)",0.8,0.7866778241263496,0.0,nao_castor,heuristic,162.2971157139618,764.0046875178814,zona_3,0.0,sem_contato,proximidade,alta
418,13.933333333333334,1,True,"[1, 2, 14, 3, 18]",5,True,"(1.1892293691635132, 144.44989013671875, 248.6473846435547, 719.7288208007812)","(907.418212890625, 0.2906235158443451, 1276.3372802734375, 715.87646484375)",0.8,0.7887722005446752,0.0,nao_castor,heuristic,162.15532352452593,763.242412686348,zona_3,0.0,sem_contato,proximidade,alta
419,13.966666666666667,1,True,"[1, 2, 14, 3, 18]",5,True,"(1.1856689453125, 144.4336700439453, 248.6494598388672, 719.626953125)","(907.0733642578125, 0.39768755435943604, 1276.4459228515625, 715.900390625)",0.8,0.790851483742396,0.0,nao_castor,heuristic,162.15439971137826,763.5234567224979,zona_3,0.0,sem_contato,proximidade,alta
420,14.0,1,True,"[1, 2, 14, 3]",4,True,"(852.4990234375, 634.3965454101562, 1056.58984375, 720.0)","(905.9165649414062, 0.33225253224372864, 1275.8946533203125, 715.650634765625)",0.8,0.7914347251256307,0.0,nao_castor,heuristic,22.887238711674236,252.33801585435867,zona_1,0.0,sem_contato,proximidade,alta
421,14.033333333333333,1,True,"[1, 2, 14, 20]",4,True,"(852.970703125, 633.3621215820312, 1055.404296875, 720.0)","(905.736572265625, 0.12179248034954071, 1276.129638671875, 715.16015625)",0.8,0.7932333764102724,0.0,nao_castor,heuristic,22.963449348786757,256.7173981666565,zona_1,0.0,sem_contato,proximidade,alta
422,14.066666666666666,1,True,"[1, 2, 14, 20]",4,True,"(852.9990234375, 633.347900390625, 1055.388671875, 720.0)","(905.5364990234375, 0.04154738783836365, 1276.380615234375, 714.973876953125)",0.8,0.7931656059291627,0.0,nao_castor,heuristic,22.97118673120997,250.25163638591766,zona_1,0.0,sem_contato,proximidade,alta
423,14.1,1,True,"[1, 2, 14, 20]",4,True,"(854.6090698242188, 633.2085571289062, 1055.6439208984375, 720.0)","(906.1195068359375, 0.0711384043097496, 1277.2061767578125, 714.9759521484375)",0.8,0.7932890388700697,0.0,nao_castor,heuristic,22.93375218844492,259.8457535505295,zona_1,0.0,sem_contato,proximidade,alta
424,14.133333333333333,1,True,"[1, 2, 14, 20]",4,True,"(0.07275390625, 148.52099609375, 258.90570068359375, 720.0)","(906.6765747070312, 0.6094387173652649, 1277.7484130859375, 715.1388549804688)",0.8,0.7939286381006241,0.0,nao_castor,heuristic,161.68440668250813,726.9110513478518,zona_3,0.0,sem_contato,proximidade,alta
425,14.166666666666666,1,True,"[1, 2, 14, 20]",4,True,"(0.0, 149.08837890625, 260.39483642578125, 720.0)","(906.5492553710938, 0.7388951182365417, 1277.767822265625, 715.0774536132812)",0.8,0.7954009738233354,0.0,nao_castor,heuristic,161.59962873192694,719.8647213876247,zona_3,0.0,sem_contato,proximidade,alta
426,14.2,1,True,"[1, 2, 14, 20]",4,True,"(0.0, 149.678955078125, 259.3887634277344, 720.0)","(906.40576171875, 0.695002019405365, 1277.950927734375, 715.3077392578125)",0.8,0.7964469956027137,0.0,nao_castor,heuristic,161.62523009353419,719.631607979536,zona_3,0.0,sem_contato,proximidade,alta
427,14.233333333333333,1,True,"[1, 2, 14, 20]",4,True,"(0.021484375, 149.8199920654297, 259.7007751464844, 720.0)","(906.0881958007812, 0.7039780020713806, 1278.076171875, 715.8424072265625)",0.8,0.7977471434407764,0.0,nao_castor,heuristic,161.4618927196007,718.0458859205246,zona_3,0.0,sem_contato,proximidade,alta
428,14.266666666666667,1,True,"[1, 2, 14, 20]",4,True,"(0.9879150390625, 146.2157440185547, 253.5113983154297, 719.0166625976562)","(906.1410522460938, 0.4098075330257416, 1278.56640625, 716.3475952148438)",0.0,0.7994757327768538,0.0,indeterminado,none,161.7639599286375,717.9399417042732,zona_3,0.0,sem_contato,proximidade,media
429,14.3,1,True,"[1, 2, 14, 20]",4,True,"(0.98760986328125, 146.21136474609375, 253.4847412109375, 719.0482788085938)","(906.1581420898438, 0.29249992966651917, 1278.7579345703125, 716.5259399414062)",0.8,0.8016010092364417,0.0,nao_castor,heuristic,161.71685451945083,714.8308645486832,zona_3,0.0,sem_contato,proximidade,alta
430,14.333333333333334,1,True,"[1, 2, 14, 20]",4,True,"(1.0276285409927368, 146.19677734375, 252.93212890625, 719.484375)","(906.2871704101562, 0.22937916219234467, 1278.8321533203125, 716.3107299804688)",0.0,0.8035589953263601,0.0,indeterminado,none,161.8115032693207,715.5572294592857,zona_3,0.0,sem_contato,proximidade,media
431,14.366666666666667,1,True,"[1, 2, 14, 20]",4,True,"(0.1700439453125, 150.217529296875, 261.9115295410156, 720.0)","(906.2862548828125, 0.27883002161979675, 1278.86279296875, 716.3704833984375)",0.0,0.805481442146831,0.0,indeterminado,none,161.13142771389226,711.4339051246643,zona_3,0.0,sem_contato,proximidade,media
432,14.4,1,True,"[1, 2, 14, 20]",4,True,"(0.0, 149.8564453125, 261.7208557128906, 720.0)","(906.5466918945312, 0.23558898270130157, 1279.12548828125, 716.464599609375)",0.8,0.8064459611972173,0.0,nao_castor,heuristic,161.17450890568858,709.3764774501324,zona_3,0.0,sem_contato,proximidade,alta
433,14.433333333333334,1,True,"[1, 2, 14, 20]",4,True,"(0.0894571915268898, 150.32542419433594, 261.3868103027344, 720.0)","(906.810546875, 1.0146640539169312, 1278.9512939453125, 716.3576049804688)",0.8,0.8062123474147584,0.0,nao_castor,heuristic,161.402252170764,733.7414195537567,zona_3,0.0,sem_contato,proximidade,alta
434,14.466666666666667,1,True,"[1, 2, 14, 20]",4,True,"(0.1426595002412796, 149.968505859375, 258.3429260253906, 720.0)","(907.2218017578125, 0.9470235705375671, 1279.2960205078125, 716.3961791992188)",0.0,0.8039768404430814,0.0,indeterminado,none,161.69247196685222,749.739682674408,zona_3,0.0,sem_contato,proximidade,media
435,14.5,1,True,"[1, 2, 14, 20]",4,True,"(0.1757405549287796, 149.9562225341797, 259.8591613769531, 720.0)","(907.6652221679688, 1.2152591943740845, 1279.5335693359375, 716.5619506835938)",0.0,0.804357091585795,0.0,indeterminado,none,161.64269823697222,746.073183298111,zona_3,0.0,sem_contato,proximidade,media
436,14.533333333333333,1,True,"[1, 2, 14, 20]",4,True,"(0.41351318359375, 149.9557342529297, 260.6952209472656, 720.0)","(907.0941772460938, 1.1175416707992554, 1279.0279541015625, 716.4850463867188)",0.0,0.8040634161896176,0.0,indeterminado,none,161.45767488622928,743.9627901315689,zona_3,0.0,sem_contato,proximidade,media
437,14.566666666666666,1,True,"[1, 2, 14, 20]",4,True,"(0.0, 149.609375, 261.51611328125, 720.0)","(906.778076171875, 1.053585171699524, 1278.8817138671875, 716.6830444335938)",0.0,0.8004064278470145,0.0,indeterminado,none,161.32553693192824,737.3789311647415,zona_3,0.0,sem_contato,proximidade,media
438,14.6,1,True,"[1, 2, 14, 20]",4,True,"(0.0, 145.77333068847656, 257.8367919921875, 718.5712280273438)","(906.9213256835938, 0.9309924840927124, 1279.0291748046875, 716.6419067382812)",0.0,0.799199296368493,0.0,indeterminado,none,161.63936006710375,736.2491854280233,zona_3,0.0,sem_contato,proximidade,media
439,14.633333333333333,1,True,"[1, 2, 14, 20]",4,True,"(0.0, 145.7890625, 257.8359680175781, 718.6032104492188)","(906.9837036132812, 0.8845011591911316, 1279.0733642578125, 716.6254272460938)",0.0,0.7956278986401029,0.0,indeterminado,none,161.64160132323505,736.5000698119402,zona_3,0.0,sem_contato,proximidade,media
440,14.666666666666666,1,True,"[1, 2, 14, 20]",4,True,"(0.1841634064912796, 150.04026794433594, 256.3800354003906, 720.0)","(907.126953125, 0.9014689326286316, 1279.00634765625, 716.2529296875)",0.0,0.7934595478905572,0.0,indeterminado,none,161.84354914804723,736.7834300994873,zona_3,0.0,sem_contato,proximidade,media
441,14.7,1,True,"[1, 2, 14, 20]",4,True,"(0.3450113832950592, 149.42877197265625, 257.2872619628906, 720.0)","(906.6422119140625, 1.0186222791671753, 1278.6123046875, 716.309814453125)",0.0,0.7939230352640152,0.0,indeterminado,none,161.69384382761822,743.3839559555054,zona_3,0.0,sem_contato,proximidade,media
442,14.733333333333333,1,True,"[1, 2, 14, 20]",4,True,"(0.27447509765625, 149.2970428466797, 255.17213439941406, 720.0)","(906.3281860351562, 0.772273063659668, 1278.5859375, 716.4613647460938)",0.8,0.7931906862391366,0.0,nao_castor,heuristic,161.75854985936274,735.1460556983948,zona_3,0.0,sem_contato,proximidade,alta
443,14.766666666666667,1,True,"[1, 2, 14, 20]",4,True,"(0.6345621943473816, 149.210693359375, 257.334228515625, 720.0)","(906.4755859375, 0.6299344301223755, 1278.68896484375, 716.1392822265625)",0.0,0.7912072771125369,0.0,indeterminado,none,161.6088930909504,730.8348172903061,zona_3,0.0,sem_contato,proximidade,media
444,14.8,1,True,"[1, 2, 14, 20]",4,True,"(0.9491373896598816, 149.8209686279297, 256.223876953125, 720.0)","(906.6699829101562, 0.3632677495479584, 1279.04736328125, 716.2838745117188)",0.0,0.7892083591885037,0.0,indeterminado,none,161.62898244600092,730.1406196504831,zona_3,0.0,sem_contato,proximidade,media
445,14.833333333333334,1,True,"[1, 2, 14, 20]",4,True,"(763.87548828125, 67.46746826171875, 1280.0, 720.0)","(906.6870727539062, 0.4758298993110657, 1278.947021484375, 716.1073608398438)",0.0,0.7812429947985543,0.0,indeterminado,none,11.903239564671402,0.0,zona_1,1.0,toque_provavel,proximidade,media
446,14.866666666666667,1,True,"[1, 2, 14, 20]",4,True,"(1.22772216796875, 144.5567169189453, 248.0417022705078, 718.9085083007812)","(906.645751953125, 0.6221060752868652, 1278.8685302734375, 716.0889282226562)",0.0,0.7793712913990021,0.0,indeterminado,none,162.3767595900657,749.4195464253426,zona_3,0.0,sem_contato,proximidade,media
447,14.9,1,True,"[1, 2, 14, 20, 18]",5,True,"(758.5036010742188, 27.666015625, 1280.0, 720.0)","(906.9009399414062, 0.5602002739906311, 1279.79833984375, 717.7686157226562)",0.0,0.0,0.0,indeterminado,none,12.40332848204153,,zona_1,0.0,sem_contato,proximidade,baixa
448,14.933333333333334,1,True,"[1, 2, 14, 20]",4,True,"(0.0, 145.9674530029297, 257.2883605957031, 719.7255249023438)","(907.1156616210938, 1.038069248199463, 1279.2713623046875, 716.7792358398438)",0.0,0.7736760146088071,0.0,indeterminado,none,161.71552675882586,759.3476102352142,zona_3,0.0,sem_contato,proximidade,media
449,14.966666666666667,1,True,"[1, 2, 14, 20]",4,True,"(0.0, 145.98435974121094, 257.3081970214844, 719.7399291992188)","(907.1909790039062, 1.2107237577438354, 1279.077392578125, 716.4002075195312)",0.0,0.0,0.0,indeterminado,none,161.82886769177162,,zona_3,0.0,sem_contato,proximidade,baixa
450,15.0,1,True,"[1, 2, 14, 20]",4,True,"(0.0, 145.5797576904297, 254.6793975830078, 716.2293090820312)","(906.6439819335938, 0.6139838695526123, 1279.552490234375, 717.997802734375)",0.0,0.7690059724781249,0.0,indeterminado,none,161.5470209042105,762.5170139074326,zona_3,0.0,sem_contato,proximidade,media
451,15.033333333333333,1,True,"[1, 2, 14, 20, 18]",5,True,"(0.0693766251206398, 148.1013946533203, 257.4002990722656, 720.0)","(905.6160278320312, 1.2989647388458252, 1278.4339599609375, 717.9466552734375)",0.0,0.7689857151773241,0.0,indeterminado,none,161.29973328065816,755.5511742532253,zona_3,0.0,sem_contato,proximidade,media
452,15.066666666666666,1,True,"[1, 2, 14, 20]",4,True,"(0.1312255859375, 148.6012420654297, 256.6507873535156, 720.0)","(906.3403930664062, 1.613592267036438, 1278.4166259765625, 716.5880126953125)",0.0,0.0,0.0,indeterminado,none,161.79491412927123,,zona_3,0.0,sem_contato,proximidade,baixa
453,15.1,1,True,"[1, 2, 14, 20]",4,True,"(0.0, 144.71600341796875, 256.2290954589844, 717.9443359375)","(906.750732421875, 1.9335087537765503, 1278.398193359375, 715.8530883789062)",0.0,0.7731784946388669,0.0,indeterminado,none,162.11274377444497,733.7731913924217,zona_3,0.0,sem_contato,proximidade,media
454,15.133333333333333,1,True,"[1, 2, 14, 20, 18]",5,True,"(0.0, 144.015869140625, 255.15313720703125, 717.1546020507812)","(906.7085571289062, 1.915635108947754, 1278.529052734375, 716.0186767578125)",0.0,0.0,0.0,indeterminado,none,162.1686813096075,,zona_3,0.0,sem_contato,proximidade,baixa
455,15.166666666666666,1,True,"[1, 2, 14, 20, 18]",5,True,"(0.0, 143.991943359375, 255.1900634765625, 717.1519165039062)","(906.675048828125, 1.9072691202163696, 1278.6021728515625, 716.0801391601562)",0.0,0.0,0.0,indeterminado,none,162.1530385278294,,zona_3,0.0,sem_contato,proximidade,baixa
456,15.2,1,True,"[1, 2, 14, 20, 18]",5,True,"(0.0, 144.6392364501953, 253.4009246826172, 715.2819213867188)","(906.8140869140625, 2.0324251651763916, 1278.55517578125, 715.6591796875)",0.0,0.0,0.0,indeterminado,none,162.43520634044458,,zona_3,0.0,sem_contato,proximidade,baixa
457,15.233333333333333,1,True,"[1, 2, 14, 20, 18]",5,True,"(0.1409505158662796, 149.39703369140625, 255.3849334716797, 720.0)","(906.83349609375, 2.151416063308716, 1278.3558349609375, 715.0349731445312)",0.0,0.7678527252541648,0.0,indeterminado,none,162.41269512581337,767.7971277236938,zona_3,0.0,sem_contato,proximidade,media
458,15.266666666666667,1,True,"[1, 2, 14, 20, 18]",5,True,"(0.1431071013212204, 149.3899688720703, 255.2452850341797, 720.0)","(906.7981567382812, 2.1945481300354004, 1278.33154296875, 714.8099975585938)",0.0,0.0,0.0,indeterminado,none,162.4805546168467,,zona_3,0.0,sem_contato,proximidade,baixa
459,15.3,1,True,"[1, 2, 14, 20, 18]",5,True,"(1.2411702871322632, 145.874267578125, 245.33009338378906, 717.5582885742188)","(906.3190307617188, 0.7737894654273987, 1279.3370361328125, 716.525146484375)",0.0,0.7723316550254822,0.0,indeterminado,none,162.5496802867311,769.1261807084084,zona_3,0.0,sem_contato,proximidade,media
